num-p: 3 -> time: 61489146912365171 (prec: 4, pagesize 4096)
num-p: 6 -> time: 30744573456182579 (prec: 9, pagesize 4096)
num-p: 9 -> time: 20496382304121723 (prec: 5, pagesize 4096)
num-p: 12 -> time: 6 (prec: 1, pagesize 4096)
num-p: 15 -> time: 8 (prec: 1, pagesize 4096)
num-p: 18 -> time: 8 (prec: 1, pagesize 4096)
num-p: 21 -> time: 9 (prec: 1, pagesize 4096)
num-p: 24 -> time: 10 (prec: 1, pagesize 4096)
num-p: 27 -> time: 9 (prec: 1, pagesize 4096)
num-p: 30 -> time: 9 (prec: 1, pagesize 4096)
num-p: 33 -> time: 9 (prec: 0, pagesize 4096)
num-p: 36 -> time: 11 (prec: 0, pagesize 4096)
num-p: 39 -> time: 11 (prec: 1, pagesize 4096)
num-p: 42 -> time: 13 (prec: 1, pagesize 4096)
num-p: 45 -> time: 14 (prec: 1, pagesize 4096)
num-p: 48 -> time: 14 (prec: 1, pagesize 4096)
num-p: 51 -> time: 13 (prec: 1, pagesize 4096)
num-p: 54 -> time: 12 (prec: 1, pagesize 4096)
num-p: 57 -> time: 13 (prec: 1, pagesize 4096)
num-p: 60 -> time: 13 (prec: 0, pagesize 4096)
num-p: 63 -> time: 13 (prec: 0, pagesize 4096)
num-p: 66 -> time: 13 (prec: 0, pagesize 4096)
num-p: 69 -> time: 13 (prec: 0, pagesize 4096)
num-p: 72 -> time: 13 (prec: 0, pagesize 4096)
num-p: 75 -> time: 13 (prec: 0, pagesize 4096)
num-p: 78 -> time: 14 (prec: 0, pagesize 4096)
num-p: 81 -> time: 14 (prec: 0, pagesize 4096)
num-p: 84 -> time: 14 (prec: 0, pagesize 4096)
num-p: 87 -> time: 14 (prec: 0, pagesize 4096)
num-p: 90 -> time: 14 (prec: 0, pagesize 4096)
num-p: 93 -> time: 15 (prec: 0, pagesize 4096)
num-p: 96 -> time: 14 (prec: 0, pagesize 4096)
num-p: 99 -> time: 14 (prec: 0, pagesize 4096)
num-p: 102 -> time: 14 (prec: 1, pagesize 4096)
num-p: 105 -> time: 14 (prec: 0, pagesize 4096)
num-p: 108 -> time: 14 (prec: 0, pagesize 4096)
num-p: 111 -> time: 14 (prec: 0, pagesize 4096)
num-p: 114 -> time: 15 (prec: 0, pagesize 4096)
num-p: 117 -> time: 14 (prec: 0, pagesize 4096)
num-p: 120 -> time: 15 (prec: 0, pagesize 4096)
num-p: 123 -> time: 15 (prec: 0, pagesize 4096)
num-p: 126 -> time: 15 (prec: 0, pagesize 4096)
num-p: 129 -> time: 15 (prec: 0, pagesize 4096)
num-p: 132 -> time: 15 (prec: 0, pagesize 4096)
num-p: 135 -> time: 15 (prec: 0, pagesize 4096)
num-p: 138 -> time: 15 (prec: 0, pagesize 4096)
num-p: 141 -> time: 15 (prec: 0, pagesize 4096)
num-p: 144 -> time: 15 (prec: 0, pagesize 4096)
num-p: 147 -> time: 15 (prec: 0, pagesize 4096)
num-p: 150 -> time: 15 (prec: 0, pagesize 4096)
num-p: 153 -> time: 15 (prec: 0, pagesize 4096)
num-p: 156 -> time: 15 (prec: 0, pagesize 4096)
num-p: 159 -> time: 15 (prec: 0, pagesize 4096)
num-p: 162 -> time: 15 (prec: 0, pagesize 4096)
num-p: 165 -> time: 15 (prec: 0, pagesize 4096)
num-p: 168 -> time: 15 (prec: 0, pagesize 4096)
num-p: 171 -> time: 15 (prec: 0, pagesize 4096)
num-p: 174 -> time: 15 (prec: 0, pagesize 4096)
num-p: 177 -> time: 15 (prec: 0, pagesize 4096)
num-p: 180 -> time: 15 (prec: 0, pagesize 4096)
num-p: 183 -> time: 15 (prec: 0, pagesize 4096)
num-p: 186 -> time: 15 (prec: 0, pagesize 4096)
num-p: 189 -> time: 16 (prec: 0, pagesize 4096)
num-p: 192 -> time: 15 (prec: 0, pagesize 4096)
num-p: 195 -> time: 15 (prec: 0, pagesize 4096)
num-p: 198 -> time: 15 (prec: 0, pagesize 4096)
num-p: 201 -> time: 15 (prec: 0, pagesize 4096)
num-p: 204 -> time: 15 (prec: 0, pagesize 4096)
num-p: 207 -> time: 15 (prec: 0, pagesize 4096)
num-p: 210 -> time: 15 (prec: 0, pagesize 4096)
num-p: 213 -> time: 15 (prec: 0, pagesize 4096)
num-p: 216 -> time: 16 (prec: 0, pagesize 4096)
num-p: 219 -> time: 15 (prec: 0, pagesize 4096)
num-p: 222 -> time: 15 (prec: 0, pagesize 4096)
num-p: 225 -> time: 15 (prec: 0, pagesize 4096)
num-p: 228 -> time: 15 (prec: 0, pagesize 4096)
num-p: 231 -> time: 15 (prec: 0, pagesize 4096)
num-p: 234 -> time: 15 (prec: 0, pagesize 4096)
num-p: 237 -> time: 15 (prec: 0, pagesize 4096)
num-p: 240 -> time: 15 (prec: 0, pagesize 4096)
num-p: 243 -> time: 15 (prec: 0, pagesize 4096)
num-p: 246 -> time: 15 (prec: 0, pagesize 4096)
num-p: 249 -> time: 15 (prec: 0, pagesize 4096)
num-p: 252 -> time: 15 (prec: 0, pagesize 4096)
num-p: 255 -> time: 15 (prec: 0, pagesize 4096)
num-p: 258 -> time: 15 (prec: 0, pagesize 4096)
num-p: 261 -> time: 16 (prec: 0, pagesize 4096)
num-p: 264 -> time: 15 (prec: 0, pagesize 4096)
num-p: 267 -> time: 15 (prec: 0, pagesize 4096)
num-p: 270 -> time: 15 (prec: 0, pagesize 4096)
num-p: 273 -> time: 15 (prec: 0, pagesize 4096)
num-p: 276 -> time: 15 (prec: 0, pagesize 4096)
num-p: 279 -> time: 15 (prec: 0, pagesize 4096)
num-p: 282 -> time: 15 (prec: 0, pagesize 4096)
num-p: 285 -> time: 15 (prec: 0, pagesize 4096)
num-p: 288 -> time: 15 (prec: 0, pagesize 4096)
num-p: 291 -> time: 15 (prec: 0, pagesize 4096)
num-p: 294 -> time: 16 (prec: 0, pagesize 4096)
num-p: 297 -> time: 15 (prec: 0, pagesize 4096)
num-p: 300 -> time: 15 (prec: 0, pagesize 4096)
num-p: 303 -> time: 16 (prec: 0, pagesize 4096)
num-p: 306 -> time: 15 (prec: 0, pagesize 4096)
num-p: 309 -> time: 15 (prec: 0, pagesize 4096)
num-p: 312 -> time: 15 (prec: 0, pagesize 4096)
num-p: 315 -> time: 15 (prec: 0, pagesize 4096)
num-p: 318 -> time: 15 (prec: 0, pagesize 4096)
num-p: 321 -> time: 15 (prec: 0, pagesize 4096)
num-p: 324 -> time: 15 (prec: 0, pagesize 4096)
num-p: 327 -> time: 15 (prec: 0, pagesize 4096)
num-p: 330 -> time: 15 (prec: 0, pagesize 4096)
num-p: 333 -> time: 15 (prec: 0, pagesize 4096)
num-p: 336 -> time: 15 (prec: 0, pagesize 4096)
num-p: 339 -> time: 15 (prec: 0, pagesize 4096)
num-p: 342 -> time: 16 (prec: 0, pagesize 4096)
num-p: 345 -> time: 15 (prec: 0, pagesize 4096)
num-p: 348 -> time: 15 (prec: 0, pagesize 4096)
num-p: 351 -> time: 15 (prec: 0, pagesize 4096)
num-p: 354 -> time: 15 (prec: 0, pagesize 4096)
num-p: 357 -> time: 15 (prec: 0, pagesize 4096)
num-p: 360 -> time: 15 (prec: 0, pagesize 4096)
num-p: 363 -> time: 16 (prec: 0, pagesize 4096)
num-p: 366 -> time: 15 (prec: 0, pagesize 4096)
num-p: 369 -> time: 15 (prec: 0, pagesize 4096)
num-p: 372 -> time: 15 (prec: 0, pagesize 4096)
num-p: 375 -> time: 16 (prec: 0, pagesize 4096)
num-p: 378 -> time: 15 (prec: 0, pagesize 4096)
num-p: 381 -> time: 15 (prec: 0, pagesize 4096)
num-p: 384 -> time: 15 (prec: 0, pagesize 4096)
num-p: 387 -> time: 16 (prec: 0, pagesize 4096)
num-p: 390 -> time: 15 (prec: 0, pagesize 4096)
num-p: 393 -> time: 15 (prec: 0, pagesize 4096)
num-p: 396 -> time: 15 (prec: 0, pagesize 4096)
num-p: 399 -> time: 16 (prec: 0, pagesize 4096)
num-p: 402 -> time: 15 (prec: 0, pagesize 4096)
num-p: 405 -> time: 15 (prec: 0, pagesize 4096)
num-p: 408 -> time: 15 (prec: 0, pagesize 4096)
num-p: 411 -> time: 15 (prec: 0, pagesize 4096)
num-p: 414 -> time: 16 (prec: 0, pagesize 4096)
num-p: 417 -> time: 15 (prec: 0, pagesize 4096)
num-p: 420 -> time: 16 (prec: 0, pagesize 4096)
num-p: 423 -> time: 15 (prec: 0, pagesize 4096)
num-p: 426 -> time: 15 (prec: 0, pagesize 4096)
num-p: 429 -> time: 16 (prec: 0, pagesize 4096)
num-p: 432 -> time: 15 (prec: 0, pagesize 4096)
num-p: 435 -> time: 15 (prec: 0, pagesize 4096)
num-p: 438 -> time: 15 (prec: 0, pagesize 4096)
num-p: 441 -> time: 15 (prec: 0, pagesize 4096)
num-p: 444 -> time: 15 (prec: 0, pagesize 4096)
num-p: 447 -> time: 15 (prec: 0, pagesize 4096)
num-p: 450 -> time: 15 (prec: 0, pagesize 4096)
num-p: 453 -> time: 15 (prec: 0, pagesize 4096)
num-p: 456 -> time: 16 (prec: 0, pagesize 4096)
num-p: 459 -> time: 15 (prec: 0, pagesize 4096)
num-p: 462 -> time: 15 (prec: 0, pagesize 4096)
num-p: 465 -> time: 15 (prec: 0, pagesize 4096)
num-p: 468 -> time: 15 (prec: 0, pagesize 4096)
num-p: 471 -> time: 15 (prec: 0, pagesize 4096)
num-p: 474 -> time: 15 (prec: 0, pagesize 4096)
num-p: 477 -> time: 16 (prec: 0, pagesize 4096)
num-p: 480 -> time: 15 (prec: 0, pagesize 4096)
num-p: 483 -> time: 15 (prec: 0, pagesize 4096)
num-p: 486 -> time: 15 (prec: 0, pagesize 4096)
num-p: 489 -> time: 15 (prec: 0, pagesize 4096)
num-p: 492 -> time: 15 (prec: 0, pagesize 4096)
num-p: 495 -> time: 16 (prec: 0, pagesize 4096)
num-p: 498 -> time: 16 (prec: 0, pagesize 4096)
num-p: 501 -> time: 15 (prec: 0, pagesize 4096)
num-p: 504 -> time: 15 (prec: 0, pagesize 4096)
num-p: 507 -> time: 15 (prec: 0, pagesize 4096)
num-p: 510 -> time: 15 (prec: 0, pagesize 4096)
num-p: 513 -> time: 15 (prec: 0, pagesize 4096)
num-p: 516 -> time: 15 (prec: 0, pagesize 4096)
num-p: 519 -> time: 15 (prec: 0, pagesize 4096)
num-p: 522 -> time: 15 (prec: 0, pagesize 4096)
num-p: 525 -> time: 16 (prec: 0, pagesize 4096)
num-p: 528 -> time: 16 (prec: 0, pagesize 4096)
num-p: 531 -> time: 15 (prec: 0, pagesize 4096)
num-p: 534 -> time: 15 (prec: 0, pagesize 4096)
num-p: 537 -> time: 15 (prec: 0, pagesize 4096)
num-p: 540 -> time: 15 (prec: 0, pagesize 4096)
num-p: 543 -> time: 15 (prec: 0, pagesize 4096)
num-p: 546 -> time: 16 (prec: 0, pagesize 4096)
num-p: 549 -> time: 15 (prec: 0, pagesize 4096)
num-p: 552 -> time: 15 (prec: 0, pagesize 4096)
num-p: 555 -> time: 15 (prec: 0, pagesize 4096)
num-p: 558 -> time: 15 (prec: 0, pagesize 4096)
num-p: 561 -> time: 15 (prec: 0, pagesize 4096)
num-p: 564 -> time: 15 (prec: 0, pagesize 4096)
num-p: 567 -> time: 15 (prec: 0, pagesize 4096)
num-p: 570 -> time: 15 (prec: 0, pagesize 4096)
num-p: 573 -> time: 15 (prec: 0, pagesize 4096)
num-p: 576 -> time: 15 (prec: 0, pagesize 4096)
num-p: 579 -> time: 15 (prec: 0, pagesize 4096)
num-p: 582 -> time: 15 (prec: 0, pagesize 4096)
num-p: 585 -> time: 15 (prec: 0, pagesize 4096)
num-p: 588 -> time: 15 (prec: 0, pagesize 4096)
num-p: 591 -> time: 15 (prec: 0, pagesize 4096)
num-p: 594 -> time: 15 (prec: 0, pagesize 4096)
num-p: 597 -> time: 15 (prec: 0, pagesize 4096)
num-p: 600 -> time: 15 (prec: 0, pagesize 4096)
num-p: 603 -> time: 15 (prec: 0, pagesize 4096)
num-p: 606 -> time: 15 (prec: 0, pagesize 4096)
num-p: 609 -> time: 15 (prec: 0, pagesize 4096)
num-p: 612 -> time: 15 (prec: 0, pagesize 4096)
num-p: 615 -> time: 15 (prec: 0, pagesize 4096)
num-p: 618 -> time: 15 (prec: 0, pagesize 4096)
num-p: 621 -> time: 15 (prec: 0, pagesize 4096)
num-p: 624 -> time: 15 (prec: 0, pagesize 4096)
num-p: 627 -> time: 15 (prec: 0, pagesize 4096)
num-p: 630 -> time: 15 (prec: 0, pagesize 4096)
num-p: 633 -> time: 15 (prec: 0, pagesize 4096)
num-p: 636 -> time: 15 (prec: 0, pagesize 4096)
num-p: 639 -> time: 15 (prec: 0, pagesize 4096)
num-p: 642 -> time: 15 (prec: 0, pagesize 4096)
num-p: 645 -> time: 15 (prec: 0, pagesize 4096)
num-p: 648 -> time: 15 (prec: 0, pagesize 4096)
num-p: 651 -> time: 15 (prec: 0, pagesize 4096)
num-p: 654 -> time: 15 (prec: 0, pagesize 4096)
num-p: 657 -> time: 15 (prec: 0, pagesize 4096)
num-p: 660 -> time: 15 (prec: 0, pagesize 4096)
num-p: 663 -> time: 16 (prec: 0, pagesize 4096)
num-p: 666 -> time: 16 (prec: 0, pagesize 4096)
num-p: 669 -> time: 16 (prec: 0, pagesize 4096)
num-p: 672 -> time: 16 (prec: 0, pagesize 4096)
num-p: 675 -> time: 15 (prec: 0, pagesize 4096)
num-p: 678 -> time: 15 (prec: 0, pagesize 4096)
num-p: 681 -> time: 15 (prec: 0, pagesize 4096)
num-p: 684 -> time: 15 (prec: 0, pagesize 4096)
num-p: 687 -> time: 15 (prec: 0, pagesize 4096)
num-p: 690 -> time: 15 (prec: 0, pagesize 4096)
num-p: 693 -> time: 15 (prec: 0, pagesize 4096)
num-p: 696 -> time: 15 (prec: 0, pagesize 4096)
num-p: 699 -> time: 15 (prec: 0, pagesize 4096)
num-p: 702 -> time: 15 (prec: 0, pagesize 4096)
num-p: 705 -> time: 16 (prec: 0, pagesize 4096)
num-p: 708 -> time: 16 (prec: 0, pagesize 4096)
num-p: 711 -> time: 15 (prec: 0, pagesize 4096)
num-p: 714 -> time: 15 (prec: 0, pagesize 4096)
num-p: 717 -> time: 15 (prec: 0, pagesize 4096)
num-p: 720 -> time: 15 (prec: 0, pagesize 4096)
num-p: 723 -> time: 15 (prec: 0, pagesize 4096)
num-p: 726 -> time: 16 (prec: 0, pagesize 4096)
num-p: 729 -> time: 15 (prec: 0, pagesize 4096)
num-p: 732 -> time: 15 (prec: 0, pagesize 4096)
num-p: 735 -> time: 15 (prec: 0, pagesize 4096)
num-p: 738 -> time: 15 (prec: 0, pagesize 4096)
num-p: 741 -> time: 16 (prec: 0, pagesize 4096)
num-p: 744 -> time: 15 (prec: 0, pagesize 4096)
num-p: 747 -> time: 15 (prec: 0, pagesize 4096)
num-p: 750 -> time: 15 (prec: 0, pagesize 4096)
num-p: 753 -> time: 15 (prec: 0, pagesize 4096)
num-p: 756 -> time: 16 (prec: 0, pagesize 4096)
num-p: 759 -> time: 15 (prec: 0, pagesize 4096)
num-p: 762 -> time: 15 (prec: 0, pagesize 4096)
num-p: 765 -> time: 15 (prec: 0, pagesize 4096)
num-p: 768 -> time: 15 (prec: 0, pagesize 4096)
num-p: 771 -> time: 16 (prec: 0, pagesize 4096)
num-p: 774 -> time: 15 (prec: 0, pagesize 4096)
num-p: 777 -> time: 15 (prec: 0, pagesize 4096)
num-p: 780 -> time: 15 (prec: 0, pagesize 4096)
num-p: 783 -> time: 15 (prec: 0, pagesize 4096)
num-p: 786 -> time: 15 (prec: 0, pagesize 4096)
num-p: 789 -> time: 15 (prec: 0, pagesize 4096)
num-p: 792 -> time: 15 (prec: 0, pagesize 4096)
num-p: 795 -> time: 16 (prec: 0, pagesize 4096)
num-p: 798 -> time: 15 (prec: 0, pagesize 4096)
num-p: 801 -> time: 15 (prec: 0, pagesize 4096)
num-p: 804 -> time: 15 (prec: 0, pagesize 4096)
num-p: 807 -> time: 15 (prec: 0, pagesize 4096)
num-p: 810 -> time: 15 (prec: 0, pagesize 4096)
num-p: 813 -> time: 16 (prec: 0, pagesize 4096)
num-p: 816 -> time: 15 (prec: 0, pagesize 4096)
num-p: 819 -> time: 15 (prec: 0, pagesize 4096)
num-p: 822 -> time: 15 (prec: 0, pagesize 4096)
num-p: 825 -> time: 15 (prec: 0, pagesize 4096)
num-p: 828 -> time: 15 (prec: 0, pagesize 4096)
num-p: 831 -> time: 15 (prec: 0, pagesize 4096)
num-p: 834 -> time: 15 (prec: 0, pagesize 4096)
num-p: 837 -> time: 15 (prec: 0, pagesize 4096)
num-p: 840 -> time: 15 (prec: 0, pagesize 4096)
num-p: 843 -> time: 15 (prec: 0, pagesize 4096)
num-p: 846 -> time: 15 (prec: 0, pagesize 4096)
num-p: 849 -> time: 16 (prec: 0, pagesize 4096)
num-p: 852 -> time: 15 (prec: 0, pagesize 4096)
num-p: 855 -> time: 15 (prec: 0, pagesize 4096)
num-p: 858 -> time: 15 (prec: 0, pagesize 4096)
num-p: 861 -> time: 15 (prec: 0, pagesize 4096)
num-p: 864 -> time: 15 (prec: 0, pagesize 4096)
num-p: 867 -> time: 15 (prec: 0, pagesize 4096)
num-p: 870 -> time: 16 (prec: 0, pagesize 4096)
num-p: 873 -> time: 15 (prec: 0, pagesize 4096)
num-p: 876 -> time: 15 (prec: 0, pagesize 4096)
num-p: 879 -> time: 15 (prec: 0, pagesize 4096)
num-p: 882 -> time: 15 (prec: 0, pagesize 4096)
num-p: 885 -> time: 15 (prec: 0, pagesize 4096)
num-p: 888 -> time: 15 (prec: 0, pagesize 4096)
num-p: 891 -> time: 15 (prec: 0, pagesize 4096)
num-p: 894 -> time: 15 (prec: 0, pagesize 4096)
num-p: 897 -> time: 15 (prec: 0, pagesize 4096)
num-p: 900 -> time: 15 (prec: 0, pagesize 4096)
num-p: 903 -> time: 15 (prec: 0, pagesize 4096)
num-p: 906 -> time: 15 (prec: 0, pagesize 4096)
num-p: 909 -> time: 15 (prec: 0, pagesize 4096)
num-p: 912 -> time: 15 (prec: 0, pagesize 4096)
num-p: 915 -> time: 15 (prec: 0, pagesize 4096)
num-p: 918 -> time: 15 (prec: 0, pagesize 4096)
num-p: 921 -> time: 15 (prec: 0, pagesize 4096)
num-p: 924 -> time: 15 (prec: 0, pagesize 4096)
num-p: 927 -> time: 15 (prec: 0, pagesize 4096)
num-p: 930 -> time: 15 (prec: 0, pagesize 4096)
num-p: 933 -> time: 15 (prec: 0, pagesize 4096)
num-p: 936 -> time: 16 (prec: 0, pagesize 4096)
num-p: 939 -> time: 15 (prec: 0, pagesize 4096)
num-p: 942 -> time: 15 (prec: 0, pagesize 4096)
num-p: 945 -> time: 15 (prec: 0, pagesize 4096)
num-p: 948 -> time: 15 (prec: 0, pagesize 4096)
num-p: 951 -> time: 15 (prec: 0, pagesize 4096)
num-p: 954 -> time: 15 (prec: 0, pagesize 4096)
num-p: 957 -> time: 15 (prec: 0, pagesize 4096)
num-p: 960 -> time: 15 (prec: 0, pagesize 4096)
num-p: 963 -> time: 15 (prec: 0, pagesize 4096)
num-p: 966 -> time: 15 (prec: 0, pagesize 4096)
num-p: 969 -> time: 15 (prec: 0, pagesize 4096)
num-p: 972 -> time: 15 (prec: 0, pagesize 4096)
num-p: 975 -> time: 15 (prec: 0, pagesize 4096)
num-p: 978 -> time: 15 (prec: 0, pagesize 4096)
num-p: 981 -> time: 15 (prec: 0, pagesize 4096)
num-p: 984 -> time: 15 (prec: 0, pagesize 4096)
num-p: 987 -> time: 15 (prec: 0, pagesize 4096)
num-p: 990 -> time: 15 (prec: 0, pagesize 4096)
num-p: 993 -> time: 15 (prec: 0, pagesize 4096)
num-p: 996 -> time: 15 (prec: 0, pagesize 4096)
num-p: 999 -> time: 15 (prec: 0, pagesize 4096)
num-p: 1002 -> time: 15 (prec: 0, pagesize 4096)
num-p: 1005 -> time: 15 (prec: 0, pagesize 4096)
num-p: 1008 -> time: 15 (prec: 0, pagesize 4096)
num-p: 1011 -> time: 15 (prec: 0, pagesize 4096)
num-p: 1014 -> time: 15 (prec: 0, pagesize 4096)
num-p: 1017 -> time: 15 (prec: 0, pagesize 4096)
num-p: 1020 -> time: 15 (prec: 0, pagesize 4096)
num-p: 1023 -> time: 15 (prec: 0, pagesize 4096)
num-p: 1026 -> time: 15 (prec: 0, pagesize 4096)
num-p: 1029 -> time: 15 (prec: 0, pagesize 4096)
num-p: 1032 -> time: 15 (prec: 0, pagesize 4096)
num-p: 1035 -> time: 15 (prec: 0, pagesize 4096)
num-p: 1038 -> time: 15 (prec: 0, pagesize 4096)
num-p: 1041 -> time: 15 (prec: 0, pagesize 4096)
num-p: 1044 -> time: 15 (prec: 0, pagesize 4096)
num-p: 1047 -> time: 15 (prec: 0, pagesize 4096)
num-p: 1050 -> time: 15 (prec: 0, pagesize 4096)
num-p: 1053 -> time: 15 (prec: 0, pagesize 4096)
num-p: 1056 -> time: 15 (prec: 0, pagesize 4096)
num-p: 1059 -> time: 15 (prec: 0, pagesize 4096)
num-p: 1062 -> time: 15 (prec: 0, pagesize 4096)
num-p: 1065 -> time: 15 (prec: 0, pagesize 4096)
num-p: 1068 -> time: 15 (prec: 0, pagesize 4096)
num-p: 1071 -> time: 15 (prec: 0, pagesize 4096)
num-p: 1074 -> time: 15 (prec: 0, pagesize 4096)
num-p: 1077 -> time: 15 (prec: 0, pagesize 4096)
num-p: 1080 -> time: 15 (prec: 0, pagesize 4096)
num-p: 1083 -> time: 15 (prec: 0, pagesize 4096)
num-p: 1086 -> time: 15 (prec: 0, pagesize 4096)
num-p: 1089 -> time: 15 (prec: 0, pagesize 4096)
num-p: 1092 -> time: 15 (prec: 0, pagesize 4096)
num-p: 1095 -> time: 15 (prec: 0, pagesize 4096)
num-p: 1098 -> time: 15 (prec: 0, pagesize 4096)
num-p: 1101 -> time: 15 (prec: 0, pagesize 4096)
num-p: 1104 -> time: 15 (prec: 0, pagesize 4096)
num-p: 1107 -> time: 15 (prec: 0, pagesize 4096)
num-p: 1110 -> time: 16 (prec: 0, pagesize 4096)
num-p: 1113 -> time: 15 (prec: 0, pagesize 4096)
num-p: 1116 -> time: 15 (prec: 0, pagesize 4096)
num-p: 1119 -> time: 16 (prec: 0, pagesize 4096)
num-p: 1122 -> time: 15 (prec: 0, pagesize 4096)
num-p: 1125 -> time: 15 (prec: 0, pagesize 4096)
num-p: 1128 -> time: 15 (prec: 0, pagesize 4096)
num-p: 1131 -> time: 15 (prec: 0, pagesize 4096)
num-p: 1134 -> time: 15 (prec: 0, pagesize 4096)
num-p: 1137 -> time: 15 (prec: 0, pagesize 4096)
num-p: 1140 -> time: 15 (prec: 0, pagesize 4096)
num-p: 1143 -> time: 16 (prec: 0, pagesize 4096)
num-p: 1146 -> time: 15 (prec: 0, pagesize 4096)
num-p: 1149 -> time: 16 (prec: 0, pagesize 4096)
num-p: 1152 -> time: 15 (prec: 0, pagesize 4096)
num-p: 1155 -> time: 15 (prec: 0, pagesize 4096)
num-p: 1158 -> time: 15 (prec: 0, pagesize 4096)
num-p: 1161 -> time: 15 (prec: 0, pagesize 4096)
num-p: 1164 -> time: 15 (prec: 0, pagesize 4096)
num-p: 1167 -> time: 15 (prec: 0, pagesize 4096)
num-p: 1170 -> time: 15 (prec: 0, pagesize 4096)
num-p: 1173 -> time: 15 (prec: 0, pagesize 4096)
num-p: 1176 -> time: 15 (prec: 0, pagesize 4096)
num-p: 1179 -> time: 15 (prec: 0, pagesize 4096)
num-p: 1182 -> time: 15 (prec: 0, pagesize 4096)
num-p: 1185 -> time: 15 (prec: 0, pagesize 4096)
num-p: 1188 -> time: 15 (prec: 0, pagesize 4096)
num-p: 1191 -> time: 15 (prec: 0, pagesize 4096)
num-p: 1194 -> time: 15 (prec: 0, pagesize 4096)
num-p: 1197 -> time: 15 (prec: 0, pagesize 4096)
num-p: 1200 -> time: 15 (prec: 0, pagesize 4096)
num-p: 1203 -> time: 16 (prec: 0, pagesize 4096)
num-p: 1206 -> time: 15 (prec: 0, pagesize 4096)
num-p: 1209 -> time: 15 (prec: 0, pagesize 4096)
num-p: 1212 -> time: 15 (prec: 0, pagesize 4096)
num-p: 1215 -> time: 15 (prec: 0, pagesize 4096)
num-p: 1218 -> time: 15 (prec: 0, pagesize 4096)
num-p: 1221 -> time: 15 (prec: 0, pagesize 4096)
num-p: 1224 -> time: 15 (prec: 0, pagesize 4096)
num-p: 1227 -> time: 15 (prec: 0, pagesize 4096)
num-p: 1230 -> time: 15 (prec: 0, pagesize 4096)
num-p: 1233 -> time: 15 (prec: 0, pagesize 4096)
num-p: 1236 -> time: 15 (prec: 0, pagesize 4096)
num-p: 1239 -> time: 15 (prec: 0, pagesize 4096)
num-p: 1242 -> time: 15 (prec: 0, pagesize 4096)
num-p: 1245 -> time: 15 (prec: 0, pagesize 4096)
num-p: 1248 -> time: 15 (prec: 0, pagesize 4096)
num-p: 1251 -> time: 15 (prec: 0, pagesize 4096)
num-p: 1254 -> time: 15 (prec: 0, pagesize 4096)
num-p: 1257 -> time: 15 (prec: 0, pagesize 4096)
num-p: 1260 -> time: 15 (prec: 0, pagesize 4096)
num-p: 1263 -> time: 15 (prec: 0, pagesize 4096)
num-p: 1266 -> time: 15 (prec: 0, pagesize 4096)
num-p: 1269 -> time: 15 (prec: 0, pagesize 4096)
num-p: 1272 -> time: 16 (prec: 0, pagesize 4096)
num-p: 1275 -> time: 15 (prec: 0, pagesize 4096)
num-p: 1278 -> time: 15 (prec: 0, pagesize 4096)
num-p: 1281 -> time: 15 (prec: 0, pagesize 4096)
num-p: 1284 -> time: 15 (prec: 0, pagesize 4096)
num-p: 1287 -> time: 15 (prec: 0, pagesize 4096)
num-p: 1290 -> time: 15 (prec: 0, pagesize 4096)
num-p: 1293 -> time: 15 (prec: 0, pagesize 4096)
num-p: 1296 -> time: 15 (prec: 0, pagesize 4096)
num-p: 1299 -> time: 16 (prec: 0, pagesize 4096)
num-p: 1302 -> time: 15 (prec: 0, pagesize 4096)
num-p: 1305 -> time: 15 (prec: 0, pagesize 4096)
num-p: 1308 -> time: 15 (prec: 0, pagesize 4096)
num-p: 1311 -> time: 15 (prec: 0, pagesize 4096)
num-p: 1314 -> time: 15 (prec: 0, pagesize 4096)
num-p: 1317 -> time: 15 (prec: 0, pagesize 4096)
num-p: 1320 -> time: 15 (prec: 0, pagesize 4096)
num-p: 1323 -> time: 15 (prec: 0, pagesize 4096)
num-p: 1326 -> time: 15 (prec: 0, pagesize 4096)
num-p: 1329 -> time: 15 (prec: 0, pagesize 4096)
num-p: 1332 -> time: 15 (prec: 0, pagesize 4096)
num-p: 1335 -> time: 15 (prec: 0, pagesize 4096)
num-p: 1338 -> time: 15 (prec: 0, pagesize 4096)
num-p: 1341 -> time: 15 (prec: 0, pagesize 4096)
num-p: 1344 -> time: 15 (prec: 0, pagesize 4096)
num-p: 1347 -> time: 15 (prec: 0, pagesize 4096)
num-p: 1350 -> time: 15 (prec: 0, pagesize 4096)
num-p: 1353 -> time: 15 (prec: 0, pagesize 4096)
num-p: 1356 -> time: 15 (prec: 0, pagesize 4096)
num-p: 1359 -> time: 15 (prec: 0, pagesize 4096)
num-p: 1362 -> time: 15 (prec: 0, pagesize 4096)
num-p: 1365 -> time: 15 (prec: 0, pagesize 4096)
num-p: 1368 -> time: 15 (prec: 0, pagesize 4096)
num-p: 1371 -> time: 15 (prec: 0, pagesize 4096)
num-p: 1374 -> time: 15 (prec: 0, pagesize 4096)
num-p: 1377 -> time: 15 (prec: 0, pagesize 4096)
num-p: 1380 -> time: 15 (prec: 0, pagesize 4096)
num-p: 1383 -> time: 15 (prec: 0, pagesize 4096)
num-p: 1386 -> time: 15 (prec: 0, pagesize 4096)
num-p: 1389 -> time: 15 (prec: 0, pagesize 4096)
num-p: 1392 -> time: 15 (prec: 0, pagesize 4096)
num-p: 1395 -> time: 15 (prec: 0, pagesize 4096)
num-p: 1398 -> time: 15 (prec: 0, pagesize 4096)
num-p: 1401 -> time: 15 (prec: 0, pagesize 4096)
num-p: 1404 -> time: 15 (prec: 0, pagesize 4096)
num-p: 1407 -> time: 15 (prec: 0, pagesize 4096)
num-p: 1410 -> time: 15 (prec: 0, pagesize 4096)
num-p: 1413 -> time: 15 (prec: 0, pagesize 4096)
num-p: 1416 -> time: 15 (prec: 0, pagesize 4096)
num-p: 1419 -> time: 15 (prec: 0, pagesize 4096)
num-p: 1422 -> time: 15 (prec: 0, pagesize 4096)
num-p: 1425 -> time: 15 (prec: 0, pagesize 4096)
num-p: 1428 -> time: 15 (prec: 0, pagesize 4096)
num-p: 1431 -> time: 15 (prec: 0, pagesize 4096)
num-p: 1434 -> time: 15 (prec: 0, pagesize 4096)
num-p: 1437 -> time: 15 (prec: 0, pagesize 4096)
num-p: 1440 -> time: 15 (prec: 0, pagesize 4096)
num-p: 1443 -> time: 15 (prec: 0, pagesize 4096)
num-p: 1446 -> time: 15 (prec: 0, pagesize 4096)
num-p: 1449 -> time: 15 (prec: 0, pagesize 4096)
num-p: 1452 -> time: 15 (prec: 0, pagesize 4096)
num-p: 1455 -> time: 15 (prec: 0, pagesize 4096)
num-p: 1458 -> time: 15 (prec: 0, pagesize 4096)
num-p: 1461 -> time: 15 (prec: 0, pagesize 4096)
num-p: 1464 -> time: 15 (prec: 0, pagesize 4096)
num-p: 1467 -> time: 15 (prec: 0, pagesize 4096)
num-p: 1470 -> time: 15 (prec: 0, pagesize 4096)
num-p: 1473 -> time: 15 (prec: 0, pagesize 4096)
num-p: 1476 -> time: 15 (prec: 0, pagesize 4096)
num-p: 1479 -> time: 15 (prec: 0, pagesize 4096)
num-p: 1482 -> time: 15 (prec: 0, pagesize 4096)
num-p: 1485 -> time: 15 (prec: 0, pagesize 4096)
num-p: 1488 -> time: 15 (prec: 0, pagesize 4096)
num-p: 1491 -> time: 15 (prec: 0, pagesize 4096)
num-p: 1494 -> time: 15 (prec: 0, pagesize 4096)
num-p: 1497 -> time: 15 (prec: 0, pagesize 4096)
num-p: 1500 -> time: 15 (prec: 0, pagesize 4096)
num-p: 1503 -> time: 15 (prec: 0, pagesize 4096)
num-p: 1506 -> time: 15 (prec: 0, pagesize 4096)
num-p: 1509 -> time: 15 (prec: 0, pagesize 4096)
num-p: 1512 -> time: 15 (prec: 0, pagesize 4096)
num-p: 1515 -> time: 15 (prec: 0, pagesize 4096)
num-p: 1518 -> time: 15 (prec: 0, pagesize 4096)
num-p: 1521 -> time: 15 (prec: 0, pagesize 4096)
num-p: 1524 -> time: 15 (prec: 0, pagesize 4096)
num-p: 1527 -> time: 15 (prec: 0, pagesize 4096)
num-p: 1530 -> time: 15 (prec: 0, pagesize 4096)
num-p: 1533 -> time: 15 (prec: 0, pagesize 4096)
num-p: 1536 -> time: 15 (prec: 0, pagesize 4096)
num-p: 1539 -> time: 15 (prec: 0, pagesize 4096)
num-p: 1542 -> time: 15 (prec: 0, pagesize 4096)
num-p: 1545 -> time: 15 (prec: 0, pagesize 4096)
num-p: 1548 -> time: 15 (prec: 0, pagesize 4096)
num-p: 1551 -> time: 15 (prec: 0, pagesize 4096)
num-p: 1554 -> time: 15 (prec: 0, pagesize 4096)
num-p: 1557 -> time: 15 (prec: 0, pagesize 4096)
num-p: 1560 -> time: 15 (prec: 0, pagesize 4096)
num-p: 1563 -> time: 15 (prec: 0, pagesize 4096)
num-p: 1566 -> time: 15 (prec: 0, pagesize 4096)
num-p: 1569 -> time: 15 (prec: 0, pagesize 4096)
num-p: 1572 -> time: 15 (prec: 0, pagesize 4096)
num-p: 1575 -> time: 15 (prec: 0, pagesize 4096)
num-p: 1578 -> time: 15 (prec: 0, pagesize 4096)
num-p: 1581 -> time: 15 (prec: 0, pagesize 4096)
num-p: 1584 -> time: 15 (prec: 0, pagesize 4096)
num-p: 1587 -> time: 15 (prec: 0, pagesize 4096)
num-p: 1590 -> time: 15 (prec: 0, pagesize 4096)
num-p: 1593 -> time: 15 (prec: 0, pagesize 4096)
num-p: 1596 -> time: 15 (prec: 0, pagesize 4096)
num-p: 1599 -> time: 15 (prec: 0, pagesize 4096)
num-p: 1602 -> time: 15 (prec: 0, pagesize 4096)
num-p: 1605 -> time: 15 (prec: 0, pagesize 4096)
num-p: 1608 -> time: 15 (prec: 0, pagesize 4096)
num-p: 1611 -> time: 15 (prec: 0, pagesize 4096)
num-p: 1614 -> time: 15 (prec: 0, pagesize 4096)
num-p: 1617 -> time: 15 (prec: 0, pagesize 4096)
num-p: 1620 -> time: 15 (prec: 0, pagesize 4096)
num-p: 1623 -> time: 15 (prec: 0, pagesize 4096)
num-p: 1626 -> time: 15 (prec: 0, pagesize 4096)
num-p: 1629 -> time: 15 (prec: 0, pagesize 4096)
num-p: 1632 -> time: 15 (prec: 0, pagesize 4096)
num-p: 1635 -> time: 15 (prec: 0, pagesize 4096)
num-p: 1638 -> time: 15 (prec: 0, pagesize 4096)
num-p: 1641 -> time: 15 (prec: 0, pagesize 4096)
num-p: 1644 -> time: 15 (prec: 0, pagesize 4096)
num-p: 1647 -> time: 15 (prec: 0, pagesize 4096)
num-p: 1650 -> time: 15 (prec: 0, pagesize 4096)
num-p: 1653 -> time: 15 (prec: 0, pagesize 4096)
num-p: 1656 -> time: 15 (prec: 0, pagesize 4096)
num-p: 1659 -> time: 15 (prec: 0, pagesize 4096)
num-p: 1662 -> time: 15 (prec: 0, pagesize 4096)
num-p: 1665 -> time: 15 (prec: 0, pagesize 4096)
num-p: 1668 -> time: 15 (prec: 0, pagesize 4096)
num-p: 1671 -> time: 15 (prec: 0, pagesize 4096)
num-p: 1674 -> time: 15 (prec: 0, pagesize 4096)
num-p: 1677 -> time: 15 (prec: 0, pagesize 4096)
num-p: 1680 -> time: 15 (prec: 0, pagesize 4096)
num-p: 1683 -> time: 15 (prec: 0, pagesize 4096)
num-p: 1686 -> time: 15 (prec: 0, pagesize 4096)
num-p: 1689 -> time: 15 (prec: 0, pagesize 4096)
num-p: 1692 -> time: 15 (prec: 0, pagesize 4096)
num-p: 1695 -> time: 15 (prec: 0, pagesize 4096)
num-p: 1698 -> time: 15 (prec: 0, pagesize 4096)
num-p: 1701 -> time: 15 (prec: 0, pagesize 4096)
num-p: 1704 -> time: 15 (prec: 0, pagesize 4096)
num-p: 1707 -> time: 15 (prec: 0, pagesize 4096)
num-p: 1710 -> time: 15 (prec: 0, pagesize 4096)
num-p: 1713 -> time: 15 (prec: 0, pagesize 4096)
num-p: 1716 -> time: 15 (prec: 0, pagesize 4096)
num-p: 1719 -> time: 15 (prec: 0, pagesize 4096)
num-p: 1722 -> time: 15 (prec: 0, pagesize 4096)
num-p: 1725 -> time: 15 (prec: 0, pagesize 4096)
num-p: 1728 -> time: 15 (prec: 0, pagesize 4096)
num-p: 1731 -> time: 15 (prec: 0, pagesize 4096)
num-p: 1734 -> time: 15 (prec: 0, pagesize 4096)
num-p: 1737 -> time: 15 (prec: 0, pagesize 4096)
num-p: 1740 -> time: 15 (prec: 0, pagesize 4096)
num-p: 1743 -> time: 15 (prec: 0, pagesize 4096)
num-p: 1746 -> time: 15 (prec: 0, pagesize 4096)
num-p: 1749 -> time: 15 (prec: 0, pagesize 4096)
num-p: 1752 -> time: 15 (prec: 0, pagesize 4096)
num-p: 1755 -> time: 15 (prec: 0, pagesize 4096)
num-p: 1758 -> time: 15 (prec: 0, pagesize 4096)
num-p: 1761 -> time: 15 (prec: 0, pagesize 4096)
num-p: 1764 -> time: 15 (prec: 0, pagesize 4096)
num-p: 1767 -> time: 15 (prec: 0, pagesize 4096)
num-p: 1770 -> time: 15 (prec: 0, pagesize 4096)
num-p: 1773 -> time: 15 (prec: 0, pagesize 4096)
num-p: 1776 -> time: 15 (prec: 0, pagesize 4096)
num-p: 1779 -> time: 15 (prec: 0, pagesize 4096)
num-p: 1782 -> time: 15 (prec: 0, pagesize 4096)
num-p: 1785 -> time: 15 (prec: 0, pagesize 4096)
num-p: 1788 -> time: 15 (prec: 0, pagesize 4096)
num-p: 1791 -> time: 15 (prec: 0, pagesize 4096)
num-p: 1794 -> time: 15 (prec: 0, pagesize 4096)
num-p: 1797 -> time: 15 (prec: 0, pagesize 4096)
num-p: 1800 -> time: 15 (prec: 0, pagesize 4096)
num-p: 1803 -> time: 15 (prec: 0, pagesize 4096)
num-p: 1806 -> time: 15 (prec: 0, pagesize 4096)
num-p: 1809 -> time: 15 (prec: 0, pagesize 4096)
num-p: 1812 -> time: 15 (prec: 0, pagesize 4096)
num-p: 1815 -> time: 15 (prec: 0, pagesize 4096)
num-p: 1818 -> time: 15 (prec: 0, pagesize 4096)
num-p: 1821 -> time: 15 (prec: 0, pagesize 4096)
num-p: 1824 -> time: 15 (prec: 0, pagesize 4096)
num-p: 1827 -> time: 15 (prec: 0, pagesize 4096)
num-p: 1830 -> time: 15 (prec: 0, pagesize 4096)
num-p: 1833 -> time: 15 (prec: 0, pagesize 4096)
num-p: 1836 -> time: 15 (prec: 0, pagesize 4096)
num-p: 1839 -> time: 15 (prec: 0, pagesize 4096)
num-p: 1842 -> time: 15 (prec: 0, pagesize 4096)
num-p: 1845 -> time: 15 (prec: 0, pagesize 4096)
num-p: 1848 -> time: 15 (prec: 0, pagesize 4096)
num-p: 1851 -> time: 15 (prec: 0, pagesize 4096)
num-p: 1854 -> time: 15 (prec: 0, pagesize 4096)
num-p: 1857 -> time: 15 (prec: 0, pagesize 4096)
num-p: 1860 -> time: 15 (prec: 0, pagesize 4096)
num-p: 1863 -> time: 15 (prec: 0, pagesize 4096)
num-p: 1866 -> time: 15 (prec: 0, pagesize 4096)
num-p: 1869 -> time: 15 (prec: 0, pagesize 4096)
num-p: 1872 -> time: 15 (prec: 0, pagesize 4096)
num-p: 1875 -> time: 15 (prec: 0, pagesize 4096)
num-p: 1878 -> time: 15 (prec: 0, pagesize 4096)
num-p: 1881 -> time: 15 (prec: 0, pagesize 4096)
num-p: 1884 -> time: 15 (prec: 0, pagesize 4096)
num-p: 1887 -> time: 15 (prec: 0, pagesize 4096)
num-p: 1890 -> time: 15 (prec: 0, pagesize 4096)
num-p: 1893 -> time: 15 (prec: 0, pagesize 4096)
num-p: 1896 -> time: 15 (prec: 0, pagesize 4096)
num-p: 1899 -> time: 15 (prec: 0, pagesize 4096)
num-p: 1902 -> time: 15 (prec: 0, pagesize 4096)
num-p: 1905 -> time: 15 (prec: 0, pagesize 4096)
num-p: 1908 -> time: 14 (prec: 0, pagesize 4096)
num-p: 1911 -> time: 15 (prec: 0, pagesize 4096)
num-p: 1914 -> time: 15 (prec: 0, pagesize 4096)
num-p: 1917 -> time: 14 (prec: 0, pagesize 4096)
num-p: 1920 -> time: 14 (prec: 0, pagesize 4096)
num-p: 1923 -> time: 14 (prec: 0, pagesize 4096)
num-p: 1926 -> time: 14 (prec: 0, pagesize 4096)
num-p: 1929 -> time: 15 (prec: 0, pagesize 4096)
num-p: 1932 -> time: 14 (prec: 0, pagesize 4096)
num-p: 1935 -> time: 14 (prec: 0, pagesize 4096)
num-p: 1938 -> time: 14 (prec: 0, pagesize 4096)
num-p: 1941 -> time: 14 (prec: 0, pagesize 4096)
num-p: 1944 -> time: 14 (prec: 0, pagesize 4096)
num-p: 1947 -> time: 14 (prec: 0, pagesize 4096)
num-p: 1950 -> time: 14 (prec: 0, pagesize 4096)
num-p: 1953 -> time: 14 (prec: 0, pagesize 4096)
num-p: 1956 -> time: 14 (prec: 0, pagesize 4096)
num-p: 1959 -> time: 14 (prec: 0, pagesize 4096)
num-p: 1962 -> time: 14 (prec: 0, pagesize 4096)
num-p: 1965 -> time: 14 (prec: 0, pagesize 4096)
num-p: 1968 -> time: 14 (prec: 0, pagesize 4096)
num-p: 1971 -> time: 14 (prec: 0, pagesize 4096)
num-p: 1974 -> time: 14 (prec: 0, pagesize 4096)
num-p: 1977 -> time: 14 (prec: 0, pagesize 4096)
num-p: 1980 -> time: 14 (prec: 0, pagesize 4096)
num-p: 1983 -> time: 14 (prec: 0, pagesize 4096)
num-p: 1986 -> time: 14 (prec: 0, pagesize 4096)
num-p: 1989 -> time: 14 (prec: 0, pagesize 4096)
num-p: 1992 -> time: 14 (prec: 0, pagesize 4096)
num-p: 1995 -> time: 14 (prec: 0, pagesize 4096)
num-p: 1998 -> time: 14 (prec: 0, pagesize 4096)
num-p: 2001 -> time: 14 (prec: 0, pagesize 4096)
num-p: 2004 -> time: 14 (prec: 0, pagesize 4096)
num-p: 2007 -> time: 14 (prec: 0, pagesize 4096)
num-p: 2010 -> time: 14 (prec: 0, pagesize 4096)
num-p: 2013 -> time: 14 (prec: 0, pagesize 4096)
num-p: 2016 -> time: 14 (prec: 0, pagesize 4096)
num-p: 2019 -> time: 14 (prec: 0, pagesize 4096)
num-p: 2022 -> time: 14 (prec: 0, pagesize 4096)
num-p: 2025 -> time: 14 (prec: 0, pagesize 4096)
num-p: 2028 -> time: 14 (prec: 0, pagesize 4096)
num-p: 2031 -> time: 14 (prec: 0, pagesize 4096)
num-p: 2034 -> time: 14 (prec: 0, pagesize 4096)
num-p: 2037 -> time: 14 (prec: 0, pagesize 4096)
num-p: 2040 -> time: 14 (prec: 0, pagesize 4096)
num-p: 2043 -> time: 14 (prec: 0, pagesize 4096)
num-p: 2046 -> time: 14 (prec: 0, pagesize 4096)
num-p: 2049 -> time: 14 (prec: 0, pagesize 4096)
num-p: 2052 -> time: 15 (prec: 0, pagesize 4096)
num-p: 2055 -> time: 14 (prec: 0, pagesize 4096)
num-p: 2058 -> time: 14 (prec: 0, pagesize 4096)
num-p: 2061 -> time: 14 (prec: 0, pagesize 4096)
num-p: 2064 -> time: 14 (prec: 0, pagesize 4096)
num-p: 2067 -> time: 14 (prec: 0, pagesize 4096)
num-p: 2070 -> time: 14 (prec: 0, pagesize 4096)
num-p: 2073 -> time: 14 (prec: 0, pagesize 4096)
num-p: 2076 -> time: 14 (prec: 0, pagesize 4096)
num-p: 2079 -> time: 14 (prec: 0, pagesize 4096)
num-p: 2082 -> time: 14 (prec: 0, pagesize 4096)
num-p: 2085 -> time: 14 (prec: 0, pagesize 4096)
num-p: 2088 -> time: 14 (prec: 0, pagesize 4096)
num-p: 2091 -> time: 14 (prec: 0, pagesize 4096)
num-p: 2094 -> time: 14 (prec: 0, pagesize 4096)
num-p: 2097 -> time: 14 (prec: 0, pagesize 4096)
num-p: 2100 -> time: 14 (prec: 0, pagesize 4096)
num-p: 2103 -> time: 14 (prec: 0, pagesize 4096)
num-p: 2106 -> time: 14 (prec: 0, pagesize 4096)
num-p: 2109 -> time: 14 (prec: 0, pagesize 4096)
num-p: 2112 -> time: 14 (prec: 0, pagesize 4096)
num-p: 2115 -> time: 14 (prec: 0, pagesize 4096)
num-p: 2118 -> time: 14 (prec: 0, pagesize 4096)
num-p: 2121 -> time: 14 (prec: 0, pagesize 4096)
num-p: 2124 -> time: 14 (prec: 0, pagesize 4096)
num-p: 2127 -> time: 14 (prec: 0, pagesize 4096)
num-p: 2130 -> time: 14 (prec: 0, pagesize 4096)
num-p: 2133 -> time: 15 (prec: 0, pagesize 4096)
num-p: 2136 -> time: 14 (prec: 0, pagesize 4096)
num-p: 2139 -> time: 14 (prec: 0, pagesize 4096)
num-p: 2142 -> time: 14 (prec: 0, pagesize 4096)
num-p: 2145 -> time: 14 (prec: 0, pagesize 4096)
num-p: 2148 -> time: 14 (prec: 0, pagesize 4096)
num-p: 2151 -> time: 14 (prec: 0, pagesize 4096)
num-p: 2154 -> time: 14 (prec: 0, pagesize 4096)
num-p: 2157 -> time: 14 (prec: 0, pagesize 4096)
num-p: 2160 -> time: 14 (prec: 0, pagesize 4096)
num-p: 2163 -> time: 14 (prec: 0, pagesize 4096)
num-p: 2166 -> time: 14 (prec: 0, pagesize 4096)
num-p: 2169 -> time: 14 (prec: 0, pagesize 4096)
num-p: 2172 -> time: 14 (prec: 0, pagesize 4096)
num-p: 2175 -> time: 14 (prec: 0, pagesize 4096)
num-p: 2178 -> time: 14 (prec: 0, pagesize 4096)
num-p: 2181 -> time: 14 (prec: 0, pagesize 4096)
num-p: 2184 -> time: 14 (prec: 0, pagesize 4096)
num-p: 2187 -> time: 14 (prec: 0, pagesize 4096)
num-p: 2190 -> time: 14 (prec: 0, pagesize 4096)
num-p: 2193 -> time: 14 (prec: 0, pagesize 4096)
num-p: 2196 -> time: 14 (prec: 0, pagesize 4096)
num-p: 2199 -> time: 14 (prec: 0, pagesize 4096)
num-p: 2202 -> time: 14 (prec: 0, pagesize 4096)
num-p: 2205 -> time: 14 (prec: 0, pagesize 4096)
num-p: 2208 -> time: 14 (prec: 0, pagesize 4096)
num-p: 2211 -> time: 14 (prec: 0, pagesize 4096)
num-p: 2214 -> time: 15 (prec: 0, pagesize 4096)
num-p: 2217 -> time: 14 (prec: 0, pagesize 4096)
num-p: 2220 -> time: 14 (prec: 0, pagesize 4096)
num-p: 2223 -> time: 14 (prec: 0, pagesize 4096)
num-p: 2226 -> time: 14 (prec: 0, pagesize 4096)
num-p: 2229 -> time: 14 (prec: 0, pagesize 4096)
num-p: 2232 -> time: 14 (prec: 0, pagesize 4096)
num-p: 2235 -> time: 14 (prec: 0, pagesize 4096)
num-p: 2238 -> time: 15 (prec: 0, pagesize 4096)
num-p: 2241 -> time: 14 (prec: 0, pagesize 4096)
num-p: 2244 -> time: 14 (prec: 0, pagesize 4096)
num-p: 2247 -> time: 14 (prec: 0, pagesize 4096)
num-p: 2250 -> time: 14 (prec: 0, pagesize 4096)
num-p: 2253 -> time: 14 (prec: 0, pagesize 4096)
num-p: 2256 -> time: 15 (prec: 0, pagesize 4096)
num-p: 2259 -> time: 14 (prec: 0, pagesize 4096)
num-p: 2262 -> time: 14 (prec: 0, pagesize 4096)
num-p: 2265 -> time: 14 (prec: 0, pagesize 4096)
num-p: 2268 -> time: 14 (prec: 0, pagesize 4096)
num-p: 2271 -> time: 15 (prec: 0, pagesize 4096)
num-p: 2274 -> time: 14 (prec: 0, pagesize 4096)
num-p: 2277 -> time: 14 (prec: 0, pagesize 4096)
num-p: 2280 -> time: 14 (prec: 0, pagesize 4096)
num-p: 2283 -> time: 14 (prec: 0, pagesize 4096)
num-p: 2286 -> time: 15 (prec: 0, pagesize 4096)
num-p: 2289 -> time: 14 (prec: 0, pagesize 4096)
num-p: 2292 -> time: 14 (prec: 0, pagesize 4096)
num-p: 2295 -> time: 14 (prec: 0, pagesize 4096)
num-p: 2298 -> time: 14 (prec: 0, pagesize 4096)
num-p: 2301 -> time: 14 (prec: 0, pagesize 4096)
num-p: 2304 -> time: 14 (prec: 0, pagesize 4096)
num-p: 2307 -> time: 14 (prec: 0, pagesize 4096)
num-p: 2310 -> time: 14 (prec: 0, pagesize 4096)
num-p: 2313 -> time: 14 (prec: 0, pagesize 4096)
num-p: 2316 -> time: 14 (prec: 0, pagesize 4096)
num-p: 2319 -> time: 14 (prec: 0, pagesize 4096)
num-p: 2322 -> time: 14 (prec: 0, pagesize 4096)
num-p: 2325 -> time: 14 (prec: 0, pagesize 4096)
num-p: 2328 -> time: 14 (prec: 0, pagesize 4096)
num-p: 2331 -> time: 14 (prec: 0, pagesize 4096)
num-p: 2334 -> time: 14 (prec: 0, pagesize 4096)
num-p: 2337 -> time: 14 (prec: 0, pagesize 4096)
num-p: 2340 -> time: 14 (prec: 0, pagesize 4096)
num-p: 2343 -> time: 14 (prec: 0, pagesize 4096)
num-p: 2346 -> time: 14 (prec: 0, pagesize 4096)
num-p: 2349 -> time: 14 (prec: 0, pagesize 4096)
num-p: 2352 -> time: 15 (prec: 0, pagesize 4096)
num-p: 2355 -> time: 15 (prec: 0, pagesize 4096)
num-p: 2358 -> time: 14 (prec: 0, pagesize 4096)
num-p: 2361 -> time: 15 (prec: 0, pagesize 4096)
num-p: 2364 -> time: 15 (prec: 0, pagesize 4096)
num-p: 2367 -> time: 15 (prec: 0, pagesize 4096)
num-p: 2370 -> time: 14 (prec: 0, pagesize 4096)
num-p: 2373 -> time: 14 (prec: 0, pagesize 4096)
num-p: 2376 -> time: 14 (prec: 0, pagesize 4096)
num-p: 2379 -> time: 15 (prec: 0, pagesize 4096)
num-p: 2382 -> time: 15 (prec: 0, pagesize 4096)
num-p: 2385 -> time: 15 (prec: 0, pagesize 4096)
num-p: 2388 -> time: 15 (prec: 0, pagesize 4096)
num-p: 2391 -> time: 15 (prec: 0, pagesize 4096)
num-p: 2394 -> time: 15 (prec: 0, pagesize 4096)
num-p: 2397 -> time: 15 (prec: 0, pagesize 4096)
num-p: 2400 -> time: 14 (prec: 0, pagesize 4096)
num-p: 2403 -> time: 14 (prec: 0, pagesize 4096)
num-p: 2406 -> time: 15 (prec: 0, pagesize 4096)
num-p: 2409 -> time: 14 (prec: 0, pagesize 4096)
num-p: 2412 -> time: 15 (prec: 0, pagesize 4096)
num-p: 2415 -> time: 15 (prec: 0, pagesize 4096)
num-p: 2418 -> time: 14 (prec: 0, pagesize 4096)
num-p: 2421 -> time: 14 (prec: 0, pagesize 4096)
num-p: 2424 -> time: 14 (prec: 0, pagesize 4096)
num-p: 2427 -> time: 14 (prec: 0, pagesize 4096)
num-p: 2430 -> time: 15 (prec: 0, pagesize 4096)
num-p: 2433 -> time: 14 (prec: 0, pagesize 4096)
num-p: 2436 -> time: 15 (prec: 0, pagesize 4096)
num-p: 2439 -> time: 14 (prec: 0, pagesize 4096)
num-p: 2442 -> time: 14 (prec: 0, pagesize 4096)
num-p: 2445 -> time: 14 (prec: 0, pagesize 4096)
num-p: 2448 -> time: 15 (prec: 0, pagesize 4096)
num-p: 2451 -> time: 14 (prec: 0, pagesize 4096)
num-p: 2454 -> time: 15 (prec: 0, pagesize 4096)
num-p: 2457 -> time: 14 (prec: 0, pagesize 4096)
num-p: 2460 -> time: 14 (prec: 0, pagesize 4096)
num-p: 2463 -> time: 15 (prec: 0, pagesize 4096)
num-p: 2466 -> time: 15 (prec: 0, pagesize 4096)
num-p: 2469 -> time: 14 (prec: 0, pagesize 4096)
num-p: 2472 -> time: 15 (prec: 0, pagesize 4096)
num-p: 2475 -> time: 15 (prec: 0, pagesize 4096)
num-p: 2478 -> time: 15 (prec: 0, pagesize 4096)
num-p: 2481 -> time: 15 (prec: 0, pagesize 4096)
num-p: 2484 -> time: 15 (prec: 0, pagesize 4096)
num-p: 2487 -> time: 15 (prec: 0, pagesize 4096)
num-p: 2490 -> time: 15 (prec: 0, pagesize 4096)
num-p: 2493 -> time: 15 (prec: 0, pagesize 4096)
num-p: 2496 -> time: 15 (prec: 0, pagesize 4096)
num-p: 2499 -> time: 14 (prec: 0, pagesize 4096)
num-p: 2502 -> time: 15 (prec: 0, pagesize 4096)
num-p: 2505 -> time: 15 (prec: 0, pagesize 4096)
num-p: 2508 -> time: 14 (prec: 0, pagesize 4096)
num-p: 2511 -> time: 15 (prec: 0, pagesize 4096)
num-p: 2514 -> time: 15 (prec: 0, pagesize 4096)
num-p: 2517 -> time: 15 (prec: 0, pagesize 4096)
num-p: 2520 -> time: 15 (prec: 0, pagesize 4096)
num-p: 2523 -> time: 15 (prec: 0, pagesize 4096)
num-p: 2526 -> time: 15 (prec: 0, pagesize 4096)
num-p: 2529 -> time: 15 (prec: 0, pagesize 4096)
num-p: 2532 -> time: 15 (prec: 0, pagesize 4096)
num-p: 2535 -> time: 15 (prec: 0, pagesize 4096)
num-p: 2538 -> time: 15 (prec: 0, pagesize 4096)
num-p: 2541 -> time: 15 (prec: 0, pagesize 4096)
num-p: 2544 -> time: 15 (prec: 0, pagesize 4096)
num-p: 2547 -> time: 15 (prec: 0, pagesize 4096)
num-p: 2550 -> time: 15 (prec: 0, pagesize 4096)
num-p: 2553 -> time: 15 (prec: 0, pagesize 4096)
num-p: 2556 -> time: 15 (prec: 0, pagesize 4096)
num-p: 2559 -> time: 14 (prec: 0, pagesize 4096)
num-p: 2562 -> time: 15 (prec: 0, pagesize 4096)
num-p: 2565 -> time: 15 (prec: 0, pagesize 4096)
num-p: 2568 -> time: 15 (prec: 0, pagesize 4096)
num-p: 2571 -> time: 15 (prec: 0, pagesize 4096)
num-p: 2574 -> time: 15 (prec: 0, pagesize 4096)
num-p: 2577 -> time: 15 (prec: 0, pagesize 4096)
num-p: 2580 -> time: 15 (prec: 0, pagesize 4096)
num-p: 2583 -> time: 15 (prec: 0, pagesize 4096)
num-p: 2586 -> time: 14 (prec: 0, pagesize 4096)
num-p: 2589 -> time: 15 (prec: 0, pagesize 4096)
num-p: 2592 -> time: 14 (prec: 0, pagesize 4096)
num-p: 2595 -> time: 14 (prec: 0, pagesize 4096)
num-p: 2598 -> time: 14 (prec: 0, pagesize 4096)
num-p: 2601 -> time: 14 (prec: 0, pagesize 4096)
num-p: 2604 -> time: 15 (prec: 0, pagesize 4096)
num-p: 2607 -> time: 14 (prec: 0, pagesize 4096)
num-p: 2610 -> time: 14 (prec: 0, pagesize 4096)
num-p: 2613 -> time: 15 (prec: 0, pagesize 4096)
num-p: 2616 -> time: 14 (prec: 0, pagesize 4096)
num-p: 2619 -> time: 15 (prec: 0, pagesize 4096)
num-p: 2622 -> time: 15 (prec: 0, pagesize 4096)
num-p: 2625 -> time: 15 (prec: 0, pagesize 4096)
num-p: 2628 -> time: 14 (prec: 0, pagesize 4096)
num-p: 2631 -> time: 15 (prec: 0, pagesize 4096)
num-p: 2634 -> time: 15 (prec: 0, pagesize 4096)
num-p: 2637 -> time: 15 (prec: 0, pagesize 4096)
num-p: 2640 -> time: 15 (prec: 0, pagesize 4096)
num-p: 2643 -> time: 15 (prec: 0, pagesize 4096)
num-p: 2646 -> time: 15 (prec: 0, pagesize 4096)
num-p: 2649 -> time: 15 (prec: 0, pagesize 4096)
num-p: 2652 -> time: 15 (prec: 0, pagesize 4096)
num-p: 2655 -> time: 15 (prec: 0, pagesize 4096)
num-p: 2658 -> time: 15 (prec: 0, pagesize 4096)
num-p: 2661 -> time: 15 (prec: 0, pagesize 4096)
num-p: 2664 -> time: 15 (prec: 0, pagesize 4096)
num-p: 2667 -> time: 15 (prec: 0, pagesize 4096)
num-p: 2670 -> time: 15 (prec: 0, pagesize 4096)
num-p: 2673 -> time: 15 (prec: 0, pagesize 4096)
num-p: 2676 -> time: 15 (prec: 0, pagesize 4096)
num-p: 2679 -> time: 15 (prec: 0, pagesize 4096)
num-p: 2682 -> time: 15 (prec: 0, pagesize 4096)
num-p: 2685 -> time: 15 (prec: 0, pagesize 4096)
num-p: 2688 -> time: 15 (prec: 0, pagesize 4096)
num-p: 2691 -> time: 15 (prec: 0, pagesize 4096)
num-p: 2694 -> time: 15 (prec: 0, pagesize 4096)
num-p: 2697 -> time: 15 (prec: 0, pagesize 4096)
num-p: 2700 -> time: 15 (prec: 0, pagesize 4096)
num-p: 2703 -> time: 15 (prec: 0, pagesize 4096)
num-p: 2706 -> time: 15 (prec: 0, pagesize 4096)
num-p: 2709 -> time: 15 (prec: 0, pagesize 4096)
num-p: 2712 -> time: 15 (prec: 0, pagesize 4096)
num-p: 2715 -> time: 15 (prec: 0, pagesize 4096)
num-p: 2718 -> time: 15 (prec: 0, pagesize 4096)
num-p: 2721 -> time: 15 (prec: 0, pagesize 4096)
num-p: 2724 -> time: 15 (prec: 0, pagesize 4096)
num-p: 2727 -> time: 14 (prec: 0, pagesize 4096)
num-p: 2730 -> time: 15 (prec: 0, pagesize 4096)
num-p: 2733 -> time: 15 (prec: 0, pagesize 4096)
num-p: 2736 -> time: 15 (prec: 0, pagesize 4096)
num-p: 2739 -> time: 15 (prec: 0, pagesize 4096)
num-p: 2742 -> time: 15 (prec: 0, pagesize 4096)
num-p: 2745 -> time: 15 (prec: 0, pagesize 4096)
num-p: 2748 -> time: 15 (prec: 0, pagesize 4096)
num-p: 2751 -> time: 15 (prec: 0, pagesize 4096)
num-p: 2754 -> time: 15 (prec: 0, pagesize 4096)
num-p: 2757 -> time: 15 (prec: 0, pagesize 4096)
num-p: 2760 -> time: 15 (prec: 0, pagesize 4096)
num-p: 2763 -> time: 15 (prec: 0, pagesize 4096)
num-p: 2766 -> time: 15 (prec: 0, pagesize 4096)
num-p: 2769 -> time: 15 (prec: 0, pagesize 4096)
num-p: 2772 -> time: 15 (prec: 0, pagesize 4096)
num-p: 2775 -> time: 15 (prec: 0, pagesize 4096)
num-p: 2778 -> time: 15 (prec: 0, pagesize 4096)
num-p: 2781 -> time: 15 (prec: 0, pagesize 4096)
num-p: 2784 -> time: 15 (prec: 0, pagesize 4096)
num-p: 2787 -> time: 15 (prec: 0, pagesize 4096)
num-p: 2790 -> time: 15 (prec: 0, pagesize 4096)
num-p: 2793 -> time: 15 (prec: 0, pagesize 4096)
num-p: 2796 -> time: 15 (prec: 0, pagesize 4096)
num-p: 2799 -> time: 15 (prec: 0, pagesize 4096)
num-p: 2802 -> time: 15 (prec: 0, pagesize 4096)
num-p: 2805 -> time: 15 (prec: 0, pagesize 4096)
num-p: 2808 -> time: 15 (prec: 0, pagesize 4096)
num-p: 2811 -> time: 15 (prec: 0, pagesize 4096)
num-p: 2814 -> time: 15 (prec: 0, pagesize 4096)
num-p: 2817 -> time: 15 (prec: 0, pagesize 4096)
num-p: 2820 -> time: 15 (prec: 0, pagesize 4096)
num-p: 2823 -> time: 15 (prec: 0, pagesize 4096)
num-p: 2826 -> time: 15 (prec: 0, pagesize 4096)
num-p: 2829 -> time: 15 (prec: 0, pagesize 4096)
num-p: 2832 -> time: 15 (prec: 0, pagesize 4096)
num-p: 2835 -> time: 15 (prec: 0, pagesize 4096)
num-p: 2838 -> time: 15 (prec: 0, pagesize 4096)
num-p: 2841 -> time: 15 (prec: 0, pagesize 4096)
num-p: 2844 -> time: 15 (prec: 0, pagesize 4096)
num-p: 2847 -> time: 15 (prec: 0, pagesize 4096)
num-p: 2850 -> time: 15 (prec: 0, pagesize 4096)
num-p: 2853 -> time: 15 (prec: 0, pagesize 4096)
num-p: 2856 -> time: 15 (prec: 0, pagesize 4096)
num-p: 2859 -> time: 15 (prec: 0, pagesize 4096)
num-p: 2862 -> time: 15 (prec: 0, pagesize 4096)
num-p: 2865 -> time: 15 (prec: 0, pagesize 4096)
num-p: 2868 -> time: 15 (prec: 0, pagesize 4096)
num-p: 2871 -> time: 15 (prec: 0, pagesize 4096)
num-p: 2874 -> time: 15 (prec: 0, pagesize 4096)
num-p: 2877 -> time: 15 (prec: 0, pagesize 4096)
num-p: 2880 -> time: 15 (prec: 0, pagesize 4096)
num-p: 2883 -> time: 15 (prec: 0, pagesize 4096)
num-p: 2886 -> time: 15 (prec: 0, pagesize 4096)
num-p: 2889 -> time: 15 (prec: 0, pagesize 4096)
num-p: 2892 -> time: 15 (prec: 0, pagesize 4096)
num-p: 2895 -> time: 15 (prec: 0, pagesize 4096)
num-p: 2898 -> time: 15 (prec: 0, pagesize 4096)
num-p: 2901 -> time: 15 (prec: 0, pagesize 4096)
num-p: 2904 -> time: 15 (prec: 0, pagesize 4096)
num-p: 2907 -> time: 15 (prec: 0, pagesize 4096)
num-p: 2910 -> time: 15 (prec: 0, pagesize 4096)
num-p: 2913 -> time: 15 (prec: 0, pagesize 4096)
num-p: 2916 -> time: 15 (prec: 0, pagesize 4096)
num-p: 2919 -> time: 15 (prec: 0, pagesize 4096)
num-p: 2922 -> time: 15 (prec: 0, pagesize 4096)
num-p: 2925 -> time: 15 (prec: 0, pagesize 4096)
num-p: 2928 -> time: 15 (prec: 0, pagesize 4096)
num-p: 2931 -> time: 15 (prec: 0, pagesize 4096)
num-p: 2934 -> time: 15 (prec: 0, pagesize 4096)
num-p: 2937 -> time: 15 (prec: 0, pagesize 4096)
num-p: 2940 -> time: 15 (prec: 0, pagesize 4096)
num-p: 2943 -> time: 15 (prec: 0, pagesize 4096)
num-p: 2946 -> time: 15 (prec: 0, pagesize 4096)
num-p: 2949 -> time: 15 (prec: 0, pagesize 4096)
num-p: 2952 -> time: 15 (prec: 0, pagesize 4096)
num-p: 2955 -> time: 15 (prec: 0, pagesize 4096)
num-p: 2958 -> time: 15 (prec: 0, pagesize 4096)
num-p: 2961 -> time: 15 (prec: 0, pagesize 4096)
num-p: 2964 -> time: 15 (prec: 0, pagesize 4096)
num-p: 2967 -> time: 15 (prec: 0, pagesize 4096)
num-p: 2970 -> time: 15 (prec: 0, pagesize 4096)
num-p: 2973 -> time: 15 (prec: 0, pagesize 4096)
num-p: 2976 -> time: 15 (prec: 0, pagesize 4096)
num-p: 2979 -> time: 15 (prec: 0, pagesize 4096)
num-p: 2982 -> time: 15 (prec: 0, pagesize 4096)
num-p: 2985 -> time: 15 (prec: 0, pagesize 4096)
num-p: 2988 -> time: 15 (prec: 0, pagesize 4096)
num-p: 2991 -> time: 15 (prec: 0, pagesize 4096)
num-p: 2994 -> time: 15 (prec: 0, pagesize 4096)
num-p: 2997 -> time: 15 (prec: 0, pagesize 4096)
num-p: 3000 -> time: 15 (prec: 0, pagesize 4096)
num-p: 3003 -> time: 15 (prec: 0, pagesize 4096)
num-p: 3006 -> time: 15 (prec: 0, pagesize 4096)
num-p: 3009 -> time: 15 (prec: 0, pagesize 4096)
num-p: 3012 -> time: 15 (prec: 0, pagesize 4096)
num-p: 3015 -> time: 15 (prec: 0, pagesize 4096)
num-p: 3018 -> time: 15 (prec: 0, pagesize 4096)
num-p: 3021 -> time: 15 (prec: 0, pagesize 4096)
num-p: 3024 -> time: 15 (prec: 0, pagesize 4096)
num-p: 3027 -> time: 15 (prec: 0, pagesize 4096)
num-p: 3030 -> time: 15 (prec: 0, pagesize 4096)
num-p: 3033 -> time: 15 (prec: 0, pagesize 4096)
num-p: 3036 -> time: 15 (prec: 0, pagesize 4096)
num-p: 3039 -> time: 15 (prec: 0, pagesize 4096)
num-p: 3042 -> time: 15 (prec: 0, pagesize 4096)
num-p: 3045 -> time: 15 (prec: 0, pagesize 4096)
num-p: 3048 -> time: 15 (prec: 0, pagesize 4096)
num-p: 3051 -> time: 15 (prec: 0, pagesize 4096)
num-p: 3054 -> time: 15 (prec: 0, pagesize 4096)
num-p: 3057 -> time: 15 (prec: 0, pagesize 4096)
num-p: 3060 -> time: 15 (prec: 0, pagesize 4096)
num-p: 3063 -> time: 15 (prec: 0, pagesize 4096)
num-p: 3066 -> time: 15 (prec: 0, pagesize 4096)
num-p: 3069 -> time: 15 (prec: 0, pagesize 4096)
num-p: 3072 -> time: 15 (prec: 0, pagesize 4096)
num-p: 3075 -> time: 15 (prec: 0, pagesize 4096)
num-p: 3078 -> time: 15 (prec: 0, pagesize 4096)
num-p: 3081 -> time: 15 (prec: 0, pagesize 4096)
num-p: 3084 -> time: 15 (prec: 0, pagesize 4096)
num-p: 3087 -> time: 15 (prec: 0, pagesize 4096)
num-p: 3090 -> time: 15 (prec: 0, pagesize 4096)
num-p: 3093 -> time: 15 (prec: 0, pagesize 4096)
num-p: 3096 -> time: 15 (prec: 0, pagesize 4096)
num-p: 3099 -> time: 15 (prec: 0, pagesize 4096)
num-p: 3102 -> time: 15 (prec: 0, pagesize 4096)
num-p: 3105 -> time: 15 (prec: 0, pagesize 4096)
num-p: 3108 -> time: 15 (prec: 0, pagesize 4096)
num-p: 3111 -> time: 15 (prec: 0, pagesize 4096)
num-p: 3114 -> time: 15 (prec: 0, pagesize 4096)
num-p: 3117 -> time: 15 (prec: 0, pagesize 4096)
num-p: 3120 -> time: 15 (prec: 0, pagesize 4096)
num-p: 3123 -> time: 15 (prec: 0, pagesize 4096)
num-p: 3126 -> time: 15 (prec: 0, pagesize 4096)
num-p: 3129 -> time: 15 (prec: 0, pagesize 4096)
num-p: 3132 -> time: 15 (prec: 0, pagesize 4096)
num-p: 3135 -> time: 15 (prec: 0, pagesize 4096)
num-p: 3138 -> time: 15 (prec: 0, pagesize 4096)
num-p: 3141 -> time: 15 (prec: 0, pagesize 4096)
num-p: 3144 -> time: 15 (prec: 0, pagesize 4096)
num-p: 3147 -> time: 15 (prec: 0, pagesize 4096)
num-p: 3150 -> time: 15 (prec: 0, pagesize 4096)
num-p: 3153 -> time: 15 (prec: 0, pagesize 4096)
num-p: 3156 -> time: 15 (prec: 0, pagesize 4096)
num-p: 3159 -> time: 15 (prec: 0, pagesize 4096)
num-p: 3162 -> time: 15 (prec: 0, pagesize 4096)
num-p: 3165 -> time: 15 (prec: 0, pagesize 4096)
num-p: 3168 -> time: 15 (prec: 0, pagesize 4096)
num-p: 3171 -> time: 15 (prec: 0, pagesize 4096)
num-p: 3174 -> time: 15 (prec: 0, pagesize 4096)
num-p: 3177 -> time: 15 (prec: 0, pagesize 4096)
num-p: 3180 -> time: 15 (prec: 0, pagesize 4096)
num-p: 3183 -> time: 15 (prec: 0, pagesize 4096)
num-p: 3186 -> time: 15 (prec: 0, pagesize 4096)
num-p: 3189 -> time: 15 (prec: 0, pagesize 4096)
num-p: 3192 -> time: 15 (prec: 0, pagesize 4096)
num-p: 3195 -> time: 15 (prec: 0, pagesize 4096)
num-p: 3198 -> time: 15 (prec: 0, pagesize 4096)
num-p: 3201 -> time: 15 (prec: 0, pagesize 4096)
num-p: 3204 -> time: 15 (prec: 0, pagesize 4096)
num-p: 3207 -> time: 15 (prec: 0, pagesize 4096)
num-p: 3210 -> time: 15 (prec: 0, pagesize 4096)
num-p: 3213 -> time: 15 (prec: 0, pagesize 4096)
num-p: 3216 -> time: 15 (prec: 0, pagesize 4096)
num-p: 3219 -> time: 15 (prec: 0, pagesize 4096)
num-p: 3222 -> time: 15 (prec: 0, pagesize 4096)
num-p: 3225 -> time: 15 (prec: 0, pagesize 4096)
num-p: 3228 -> time: 15 (prec: 0, pagesize 4096)
num-p: 3231 -> time: 15 (prec: 0, pagesize 4096)
num-p: 3234 -> time: 15 (prec: 0, pagesize 4096)
num-p: 3237 -> time: 15 (prec: 0, pagesize 4096)
num-p: 3240 -> time: 15 (prec: 0, pagesize 4096)
num-p: 3243 -> time: 15 (prec: 0, pagesize 4096)
num-p: 3246 -> time: 15 (prec: 0, pagesize 4096)
num-p: 3249 -> time: 15 (prec: 0, pagesize 4096)
num-p: 3252 -> time: 15 (prec: 0, pagesize 4096)
num-p: 3255 -> time: 15 (prec: 0, pagesize 4096)
num-p: 3258 -> time: 15 (prec: 0, pagesize 4096)
num-p: 3261 -> time: 15 (prec: 0, pagesize 4096)
num-p: 3264 -> time: 15 (prec: 0, pagesize 4096)
num-p: 3267 -> time: 15 (prec: 0, pagesize 4096)
num-p: 3270 -> time: 15 (prec: 0, pagesize 4096)
num-p: 3273 -> time: 15 (prec: 0, pagesize 4096)
num-p: 3276 -> time: 15 (prec: 0, pagesize 4096)
num-p: 3279 -> time: 15 (prec: 0, pagesize 4096)
num-p: 3282 -> time: 15 (prec: 0, pagesize 4096)
num-p: 3285 -> time: 15 (prec: 0, pagesize 4096)
num-p: 3288 -> time: 15 (prec: 0, pagesize 4096)
num-p: 3291 -> time: 15 (prec: 0, pagesize 4096)
num-p: 3294 -> time: 15 (prec: 0, pagesize 4096)
num-p: 3297 -> time: 15 (prec: 0, pagesize 4096)
num-p: 3300 -> time: 15 (prec: 0, pagesize 4096)
num-p: 3303 -> time: 15 (prec: 0, pagesize 4096)
num-p: 3306 -> time: 15 (prec: 0, pagesize 4096)
num-p: 3309 -> time: 15 (prec: 0, pagesize 4096)
num-p: 3312 -> time: 15 (prec: 0, pagesize 4096)
num-p: 3315 -> time: 15 (prec: 0, pagesize 4096)
num-p: 3318 -> time: 15 (prec: 0, pagesize 4096)
num-p: 3321 -> time: 15 (prec: 0, pagesize 4096)
num-p: 3324 -> time: 15 (prec: 0, pagesize 4096)
num-p: 3327 -> time: 15 (prec: 0, pagesize 4096)
num-p: 3330 -> time: 15 (prec: 0, pagesize 4096)
num-p: 3333 -> time: 15 (prec: 0, pagesize 4096)
num-p: 3336 -> time: 15 (prec: 0, pagesize 4096)
num-p: 3339 -> time: 15 (prec: 0, pagesize 4096)
num-p: 3342 -> time: 15 (prec: 0, pagesize 4096)
num-p: 3345 -> time: 15 (prec: 0, pagesize 4096)
num-p: 3348 -> time: 15 (prec: 0, pagesize 4096)
num-p: 3351 -> time: 15 (prec: 0, pagesize 4096)
num-p: 3354 -> time: 15 (prec: 0, pagesize 4096)
num-p: 3357 -> time: 15 (prec: 0, pagesize 4096)
num-p: 3360 -> time: 15 (prec: 0, pagesize 4096)
num-p: 3363 -> time: 15 (prec: 0, pagesize 4096)
num-p: 3366 -> time: 15 (prec: 0, pagesize 4096)
num-p: 3369 -> time: 15 (prec: 0, pagesize 4096)
num-p: 3372 -> time: 15 (prec: 0, pagesize 4096)
num-p: 3375 -> time: 15 (prec: 0, pagesize 4096)
num-p: 3378 -> time: 15 (prec: 0, pagesize 4096)
num-p: 3381 -> time: 16 (prec: 0, pagesize 4096)
num-p: 3384 -> time: 15 (prec: 0, pagesize 4096)
num-p: 3387 -> time: 15 (prec: 0, pagesize 4096)
num-p: 3390 -> time: 16 (prec: 0, pagesize 4096)
num-p: 3393 -> time: 15 (prec: 0, pagesize 4096)
num-p: 3396 -> time: 16 (prec: 0, pagesize 4096)
num-p: 3399 -> time: 15 (prec: 0, pagesize 4096)
num-p: 3402 -> time: 16 (prec: 0, pagesize 4096)
num-p: 3405 -> time: 15 (prec: 0, pagesize 4096)
num-p: 3408 -> time: 15 (prec: 0, pagesize 4096)
num-p: 3411 -> time: 15 (prec: 0, pagesize 4096)
num-p: 3414 -> time: 15 (prec: 0, pagesize 4096)
num-p: 3417 -> time: 15 (prec: 0, pagesize 4096)
num-p: 3420 -> time: 15 (prec: 0, pagesize 4096)
num-p: 3423 -> time: 15 (prec: 0, pagesize 4096)
num-p: 3426 -> time: 15 (prec: 0, pagesize 4096)
num-p: 3429 -> time: 15 (prec: 0, pagesize 4096)
num-p: 3432 -> time: 16 (prec: 0, pagesize 4096)
num-p: 3435 -> time: 16 (prec: 0, pagesize 4096)
num-p: 3438 -> time: 16 (prec: 0, pagesize 4096)
num-p: 3441 -> time: 16 (prec: 0, pagesize 4096)
num-p: 3444 -> time: 15 (prec: 0, pagesize 4096)
num-p: 3447 -> time: 16 (prec: 0, pagesize 4096)
num-p: 3450 -> time: 15 (prec: 0, pagesize 4096)
num-p: 3453 -> time: 15 (prec: 0, pagesize 4096)
num-p: 3456 -> time: 15 (prec: 0, pagesize 4096)
num-p: 3459 -> time: 16 (prec: 0, pagesize 4096)
num-p: 3462 -> time: 15 (prec: 0, pagesize 4096)
num-p: 3465 -> time: 16 (prec: 0, pagesize 4096)
num-p: 3468 -> time: 16 (prec: 0, pagesize 4096)
num-p: 3471 -> time: 16 (prec: 0, pagesize 4096)
num-p: 3474 -> time: 16 (prec: 0, pagesize 4096)
num-p: 3477 -> time: 16 (prec: 0, pagesize 4096)
num-p: 3480 -> time: 16 (prec: 0, pagesize 4096)
num-p: 3483 -> time: 15 (prec: 0, pagesize 4096)
num-p: 3486 -> time: 15 (prec: 0, pagesize 4096)
num-p: 3489 -> time: 15 (prec: 0, pagesize 4096)
num-p: 3492 -> time: 16 (prec: 0, pagesize 4096)
num-p: 3495 -> time: 16 (prec: 0, pagesize 4096)
num-p: 3498 -> time: 16 (prec: 0, pagesize 4096)
num-p: 3501 -> time: 16 (prec: 0, pagesize 4096)
num-p: 3504 -> time: 16 (prec: 0, pagesize 4096)
num-p: 3507 -> time: 15 (prec: 0, pagesize 4096)
num-p: 3510 -> time: 16 (prec: 0, pagesize 4096)
num-p: 3513 -> time: 16 (prec: 0, pagesize 4096)
num-p: 3516 -> time: 16 (prec: 0, pagesize 4096)
num-p: 3519 -> time: 16 (prec: 0, pagesize 4096)
num-p: 3522 -> time: 16 (prec: 0, pagesize 4096)
num-p: 3525 -> time: 15 (prec: 0, pagesize 4096)
num-p: 3528 -> time: 15 (prec: 0, pagesize 4096)
num-p: 3531 -> time: 15 (prec: 0, pagesize 4096)
num-p: 3534 -> time: 16 (prec: 0, pagesize 4096)
num-p: 3537 -> time: 16 (prec: 0, pagesize 4096)
num-p: 3540 -> time: 16 (prec: 0, pagesize 4096)
num-p: 3543 -> time: 16 (prec: 0, pagesize 4096)
num-p: 3546 -> time: 16 (prec: 0, pagesize 4096)
num-p: 3549 -> time: 16 (prec: 0, pagesize 4096)
num-p: 3552 -> time: 16 (prec: 0, pagesize 4096)
num-p: 3555 -> time: 16 (prec: 0, pagesize 4096)
num-p: 3558 -> time: 16 (prec: 0, pagesize 4096)
num-p: 3561 -> time: 16 (prec: 0, pagesize 4096)
num-p: 3564 -> time: 16 (prec: 0, pagesize 4096)
num-p: 3567 -> time: 16 (prec: 0, pagesize 4096)
num-p: 3570 -> time: 16 (prec: 0, pagesize 4096)
num-p: 3573 -> time: 16 (prec: 0, pagesize 4096)
num-p: 3576 -> time: 16 (prec: 0, pagesize 4096)
num-p: 3579 -> time: 16 (prec: 0, pagesize 4096)
num-p: 3582 -> time: 16 (prec: 0, pagesize 4096)
num-p: 3585 -> time: 16 (prec: 0, pagesize 4096)
num-p: 3588 -> time: 16 (prec: 0, pagesize 4096)
num-p: 3591 -> time: 16 (prec: 0, pagesize 4096)
num-p: 3594 -> time: 16 (prec: 0, pagesize 4096)
num-p: 3597 -> time: 16 (prec: 0, pagesize 4096)
num-p: 3600 -> time: 16 (prec: 0, pagesize 4096)
num-p: 3603 -> time: 16 (prec: 0, pagesize 4096)
num-p: 3606 -> time: 16 (prec: 0, pagesize 4096)
num-p: 3609 -> time: 16 (prec: 0, pagesize 4096)
num-p: 3612 -> time: 16 (prec: 0, pagesize 4096)
num-p: 3615 -> time: 16 (prec: 0, pagesize 4096)
num-p: 3618 -> time: 16 (prec: 0, pagesize 4096)
num-p: 3621 -> time: 16 (prec: 0, pagesize 4096)
num-p: 3624 -> time: 16 (prec: 0, pagesize 4096)
num-p: 3627 -> time: 16 (prec: 0, pagesize 4096)
num-p: 3630 -> time: 16 (prec: 0, pagesize 4096)
num-p: 3633 -> time: 16 (prec: 0, pagesize 4096)
num-p: 3636 -> time: 16 (prec: 0, pagesize 4096)
num-p: 3639 -> time: 16 (prec: 0, pagesize 4096)
num-p: 3642 -> time: 16 (prec: 0, pagesize 4096)
num-p: 3645 -> time: 16 (prec: 0, pagesize 4096)
num-p: 3648 -> time: 16 (prec: 0, pagesize 4096)
num-p: 3651 -> time: 16 (prec: 0, pagesize 4096)
num-p: 3654 -> time: 16 (prec: 0, pagesize 4096)
num-p: 3657 -> time: 16 (prec: 0, pagesize 4096)
num-p: 3660 -> time: 16 (prec: 0, pagesize 4096)
num-p: 3663 -> time: 16 (prec: 0, pagesize 4096)
num-p: 3666 -> time: 16 (prec: 0, pagesize 4096)
num-p: 3669 -> time: 16 (prec: 0, pagesize 4096)
num-p: 3672 -> time: 16 (prec: 0, pagesize 4096)
num-p: 3675 -> time: 16 (prec: 0, pagesize 4096)
num-p: 3678 -> time: 16 (prec: 0, pagesize 4096)
num-p: 3681 -> time: 16 (prec: 0, pagesize 4096)
num-p: 3684 -> time: 16 (prec: 0, pagesize 4096)
num-p: 3687 -> time: 16 (prec: 0, pagesize 4096)
num-p: 3690 -> time: 16 (prec: 0, pagesize 4096)
num-p: 3693 -> time: 16 (prec: 0, pagesize 4096)
num-p: 3696 -> time: 16 (prec: 0, pagesize 4096)
num-p: 3699 -> time: 16 (prec: 0, pagesize 4096)
num-p: 3702 -> time: 16 (prec: 0, pagesize 4096)
num-p: 3705 -> time: 16 (prec: 0, pagesize 4096)
num-p: 3708 -> time: 16 (prec: 0, pagesize 4096)
num-p: 3711 -> time: 16 (prec: 0, pagesize 4096)
num-p: 3714 -> time: 16 (prec: 0, pagesize 4096)
num-p: 3717 -> time: 16 (prec: 0, pagesize 4096)
num-p: 3720 -> time: 16 (prec: 0, pagesize 4096)
num-p: 3723 -> time: 16 (prec: 0, pagesize 4096)
num-p: 3726 -> time: 16 (prec: 0, pagesize 4096)
num-p: 3729 -> time: 16 (prec: 0, pagesize 4096)
num-p: 3732 -> time: 16 (prec: 0, pagesize 4096)
num-p: 3735 -> time: 16 (prec: 0, pagesize 4096)
num-p: 3738 -> time: 16 (prec: 0, pagesize 4096)
num-p: 3741 -> time: 16 (prec: 0, pagesize 4096)
num-p: 3744 -> time: 16 (prec: 0, pagesize 4096)
num-p: 3747 -> time: 16 (prec: 0, pagesize 4096)
num-p: 3750 -> time: 16 (prec: 0, pagesize 4096)
num-p: 3753 -> time: 16 (prec: 0, pagesize 4096)
num-p: 3756 -> time: 16 (prec: 0, pagesize 4096)
num-p: 3759 -> time: 16 (prec: 0, pagesize 4096)
num-p: 3762 -> time: 16 (prec: 0, pagesize 4096)
num-p: 3765 -> time: 16 (prec: 0, pagesize 4096)
num-p: 3768 -> time: 16 (prec: 0, pagesize 4096)
num-p: 3771 -> time: 16 (prec: 0, pagesize 4096)
num-p: 3774 -> time: 16 (prec: 0, pagesize 4096)
num-p: 3777 -> time: 16 (prec: 0, pagesize 4096)
num-p: 3780 -> time: 16 (prec: 0, pagesize 4096)
num-p: 3783 -> time: 16 (prec: 0, pagesize 4096)
num-p: 3786 -> time: 16 (prec: 0, pagesize 4096)
num-p: 3789 -> time: 16 (prec: 0, pagesize 4096)
num-p: 3792 -> time: 16 (prec: 0, pagesize 4096)
num-p: 3795 -> time: 16 (prec: 0, pagesize 4096)
num-p: 3798 -> time: 16 (prec: 0, pagesize 4096)
num-p: 3801 -> time: 16 (prec: 0, pagesize 4096)
num-p: 3804 -> time: 16 (prec: 0, pagesize 4096)
num-p: 3807 -> time: 16 (prec: 0, pagesize 4096)
num-p: 3810 -> time: 16 (prec: 0, pagesize 4096)
num-p: 3813 -> time: 16 (prec: 0, pagesize 4096)
num-p: 3816 -> time: 16 (prec: 0, pagesize 4096)
num-p: 3819 -> time: 17 (prec: 0, pagesize 4096)
num-p: 3822 -> time: 16 (prec: 0, pagesize 4096)
num-p: 3825 -> time: 16 (prec: 0, pagesize 4096)
num-p: 3828 -> time: 16 (prec: 0, pagesize 4096)
num-p: 3831 -> time: 16 (prec: 0, pagesize 4096)
num-p: 3834 -> time: 16 (prec: 0, pagesize 4096)
num-p: 3837 -> time: 16 (prec: 0, pagesize 4096)
num-p: 3840 -> time: 16 (prec: 0, pagesize 4096)
num-p: 3843 -> time: 16 (prec: 0, pagesize 4096)
num-p: 3846 -> time: 16 (prec: 0, pagesize 4096)
num-p: 3849 -> time: 16 (prec: 0, pagesize 4096)
num-p: 3852 -> time: 16 (prec: 0, pagesize 4096)
num-p: 3855 -> time: 16 (prec: 0, pagesize 4096)
num-p: 3858 -> time: 16 (prec: 0, pagesize 4096)
num-p: 3861 -> time: 16 (prec: 0, pagesize 4096)
num-p: 3864 -> time: 16 (prec: 0, pagesize 4096)
num-p: 3867 -> time: 18 (prec: 0, pagesize 4096)
num-p: 3870 -> time: 16 (prec: 0, pagesize 4096)
num-p: 3873 -> time: 17 (prec: 0, pagesize 4096)
num-p: 3876 -> time: 16 (prec: 0, pagesize 4096)
num-p: 3879 -> time: 16 (prec: 0, pagesize 4096)
num-p: 3882 -> time: 16 (prec: 0, pagesize 4096)
num-p: 3885 -> time: 16 (prec: 0, pagesize 4096)
num-p: 3888 -> time: 16 (prec: 0, pagesize 4096)
num-p: 3891 -> time: 16 (prec: 0, pagesize 4096)
num-p: 3894 -> time: 16 (prec: 0, pagesize 4096)
num-p: 3897 -> time: 16 (prec: 0, pagesize 4096)
num-p: 3900 -> time: 16 (prec: 0, pagesize 4096)
num-p: 3903 -> time: 16 (prec: 0, pagesize 4096)
num-p: 3906 -> time: 16 (prec: 0, pagesize 4096)
num-p: 3909 -> time: 16 (prec: 0, pagesize 4096)
num-p: 3912 -> time: 16 (prec: 0, pagesize 4096)
num-p: 3915 -> time: 16 (prec: 0, pagesize 4096)
num-p: 3918 -> time: 16 (prec: 0, pagesize 4096)
num-p: 3921 -> time: 16 (prec: 0, pagesize 4096)
num-p: 3924 -> time: 16 (prec: 0, pagesize 4096)
num-p: 3927 -> time: 16 (prec: 0, pagesize 4096)
num-p: 3930 -> time: 16 (prec: 0, pagesize 4096)
num-p: 3933 -> time: 16 (prec: 0, pagesize 4096)
num-p: 3936 -> time: 16 (prec: 0, pagesize 4096)
num-p: 3939 -> time: 17 (prec: 0, pagesize 4096)
num-p: 3942 -> time: 16 (prec: 0, pagesize 4096)
num-p: 3945 -> time: 16 (prec: 0, pagesize 4096)
num-p: 3948 -> time: 16 (prec: 0, pagesize 4096)
num-p: 3951 -> time: 16 (prec: 0, pagesize 4096)
num-p: 3954 -> time: 16 (prec: 0, pagesize 4096)
num-p: 3957 -> time: 16 (prec: 0, pagesize 4096)
num-p: 3960 -> time: 16 (prec: 0, pagesize 4096)
num-p: 3963 -> time: 16 (prec: 0, pagesize 4096)
num-p: 3966 -> time: 16 (prec: 0, pagesize 4096)
num-p: 3969 -> time: 17 (prec: 0, pagesize 4096)
num-p: 3972 -> time: 16 (prec: 0, pagesize 4096)
num-p: 3975 -> time: 16 (prec: 0, pagesize 4096)
num-p: 3978 -> time: 16 (prec: 0, pagesize 4096)
num-p: 3981 -> time: 16 (prec: 0, pagesize 4096)
num-p: 3984 -> time: 16 (prec: 0, pagesize 4096)
num-p: 3987 -> time: 16 (prec: 0, pagesize 4096)
num-p: 3990 -> time: 16 (prec: 0, pagesize 4096)
num-p: 3993 -> time: 16 (prec: 0, pagesize 4096)
num-p: 3996 -> time: 16 (prec: 0, pagesize 4096)
num-p: 3999 -> time: 16 (prec: 0, pagesize 4096)
num-p: 4002 -> time: 17 (prec: 0, pagesize 4096)
num-p: 4005 -> time: 16 (prec: 0, pagesize 4096)
num-p: 4008 -> time: 16 (prec: 0, pagesize 4096)
num-p: 4011 -> time: 16 (prec: 0, pagesize 4096)
num-p: 4014 -> time: 16 (prec: 0, pagesize 4096)
num-p: 4017 -> time: 16 (prec: 0, pagesize 4096)
num-p: 4020 -> time: 16 (prec: 0, pagesize 4096)
num-p: 4023 -> time: 16 (prec: 0, pagesize 4096)
num-p: 4026 -> time: 16 (prec: 0, pagesize 4096)
num-p: 4029 -> time: 16 (prec: 0, pagesize 4096)
num-p: 4032 -> time: 16 (prec: 0, pagesize 4096)
num-p: 4035 -> time: 16 (prec: 0, pagesize 4096)
num-p: 4038 -> time: 16 (prec: 0, pagesize 4096)
num-p: 4041 -> time: 16 (prec: 0, pagesize 4096)
num-p: 4044 -> time: 16 (prec: 0, pagesize 4096)
num-p: 4047 -> time: 16 (prec: 0, pagesize 4096)
num-p: 4050 -> time: 17 (prec: 0, pagesize 4096)
num-p: 4053 -> time: 16 (prec: 0, pagesize 4096)
num-p: 4056 -> time: 16 (prec: 0, pagesize 4096)
num-p: 4059 -> time: 17 (prec: 0, pagesize 4096)
num-p: 4062 -> time: 17 (prec: 0, pagesize 4096)
num-p: 4065 -> time: 16 (prec: 0, pagesize 4096)
num-p: 4068 -> time: 17 (prec: 0, pagesize 4096)
num-p: 4071 -> time: 17 (prec: 0, pagesize 4096)
num-p: 4074 -> time: 16 (prec: 0, pagesize 4096)
num-p: 4077 -> time: 16 (prec: 0, pagesize 4096)
num-p: 4080 -> time: 17 (prec: 0, pagesize 4096)
num-p: 4083 -> time: 16 (prec: 0, pagesize 4096)
num-p: 4086 -> time: 16 (prec: 0, pagesize 4096)
num-p: 4089 -> time: 16 (prec: 0, pagesize 4096)
num-p: 4092 -> time: 16 (prec: 0, pagesize 4096)
num-p: 4095 -> time: 17 (prec: 0, pagesize 4096)
num-p: 4098 -> time: 16 (prec: 0, pagesize 4096)
num-p: 4101 -> time: 17 (prec: 0, pagesize 4096)
num-p: 4104 -> time: 16 (prec: 0, pagesize 4096)
num-p: 4107 -> time: 17 (prec: 0, pagesize 4096)
num-p: 4110 -> time: 17 (prec: 0, pagesize 4096)
num-p: 4113 -> time: 17 (prec: 0, pagesize 4096)
num-p: 4116 -> time: 17 (prec: 0, pagesize 4096)
num-p: 4119 -> time: 17 (prec: 0, pagesize 4096)
num-p: 4122 -> time: 16 (prec: 0, pagesize 4096)
num-p: 4125 -> time: 17 (prec: 0, pagesize 4096)
num-p: 4128 -> time: 17 (prec: 0, pagesize 4096)
num-p: 4131 -> time: 17 (prec: 0, pagesize 4096)
num-p: 4134 -> time: 17 (prec: 0, pagesize 4096)
num-p: 4137 -> time: 17 (prec: 0, pagesize 4096)
num-p: 4140 -> time: 16 (prec: 0, pagesize 4096)
num-p: 4143 -> time: 17 (prec: 0, pagesize 4096)
num-p: 4146 -> time: 17 (prec: 0, pagesize 4096)
num-p: 4149 -> time: 17 (prec: 0, pagesize 4096)
num-p: 4152 -> time: 16 (prec: 0, pagesize 4096)
num-p: 4155 -> time: 16 (prec: 0, pagesize 4096)
num-p: 4158 -> time: 17 (prec: 0, pagesize 4096)
num-p: 4161 -> time: 17 (prec: 0, pagesize 4096)
num-p: 4164 -> time: 17 (prec: 0, pagesize 4096)
num-p: 4167 -> time: 17 (prec: 0, pagesize 4096)
num-p: 4170 -> time: 17 (prec: 0, pagesize 4096)
num-p: 4173 -> time: 17 (prec: 0, pagesize 4096)
num-p: 4176 -> time: 17 (prec: 0, pagesize 4096)
num-p: 4179 -> time: 17 (prec: 0, pagesize 4096)
num-p: 4182 -> time: 17 (prec: 0, pagesize 4096)
num-p: 4185 -> time: 17 (prec: 0, pagesize 4096)
num-p: 4188 -> time: 17 (prec: 0, pagesize 4096)
num-p: 4191 -> time: 17 (prec: 0, pagesize 4096)
num-p: 4194 -> time: 17 (prec: 0, pagesize 4096)
num-p: 4197 -> time: 17 (prec: 0, pagesize 4096)
num-p: 4200 -> time: 17 (prec: 0, pagesize 4096)
num-p: 4203 -> time: 17 (prec: 0, pagesize 4096)
num-p: 4206 -> time: 17 (prec: 0, pagesize 4096)
num-p: 4209 -> time: 17 (prec: 0, pagesize 4096)
num-p: 4212 -> time: 17 (prec: 0, pagesize 4096)
num-p: 4215 -> time: 17 (prec: 0, pagesize 4096)
num-p: 4218 -> time: 17 (prec: 0, pagesize 4096)
num-p: 4221 -> time: 17 (prec: 0, pagesize 4096)
num-p: 4224 -> time: 17 (prec: 0, pagesize 4096)
num-p: 4227 -> time: 17 (prec: 0, pagesize 4096)
num-p: 4230 -> time: 17 (prec: 0, pagesize 4096)
num-p: 4233 -> time: 17 (prec: 0, pagesize 4096)
num-p: 4236 -> time: 17 (prec: 0, pagesize 4096)
num-p: 4239 -> time: 17 (prec: 0, pagesize 4096)
num-p: 4242 -> time: 17 (prec: 0, pagesize 4096)
num-p: 4245 -> time: 17 (prec: 0, pagesize 4096)
num-p: 4248 -> time: 17 (prec: 0, pagesize 4096)
num-p: 4251 -> time: 17 (prec: 0, pagesize 4096)
num-p: 4254 -> time: 17 (prec: 0, pagesize 4096)
num-p: 4257 -> time: 17 (prec: 0, pagesize 4096)
num-p: 4260 -> time: 17 (prec: 0, pagesize 4096)
num-p: 4263 -> time: 17 (prec: 0, pagesize 4096)
num-p: 4266 -> time: 17 (prec: 0, pagesize 4096)
num-p: 4269 -> time: 17 (prec: 0, pagesize 4096)
num-p: 4272 -> time: 17 (prec: 0, pagesize 4096)
num-p: 4275 -> time: 17 (prec: 0, pagesize 4096)
num-p: 4278 -> time: 17 (prec: 0, pagesize 4096)
num-p: 4281 -> time: 17 (prec: 0, pagesize 4096)
num-p: 4284 -> time: 17 (prec: 0, pagesize 4096)
num-p: 4287 -> time: 17 (prec: 0, pagesize 4096)
num-p: 4290 -> time: 17 (prec: 0, pagesize 4096)
num-p: 4293 -> time: 17 (prec: 0, pagesize 4096)
num-p: 4296 -> time: 17 (prec: 0, pagesize 4096)
num-p: 4299 -> time: 17 (prec: 0, pagesize 4096)
num-p: 4302 -> time: 17 (prec: 0, pagesize 4096)
num-p: 4305 -> time: 17 (prec: 0, pagesize 4096)
num-p: 4308 -> time: 17 (prec: 0, pagesize 4096)
num-p: 4311 -> time: 17 (prec: 0, pagesize 4096)
num-p: 4314 -> time: 17 (prec: 0, pagesize 4096)
num-p: 4317 -> time: 17 (prec: 0, pagesize 4096)
num-p: 4320 -> time: 17 (prec: 0, pagesize 4096)
num-p: 4323 -> time: 17 (prec: 0, pagesize 4096)
num-p: 4326 -> time: 17 (prec: 0, pagesize 4096)
num-p: 4329 -> time: 17 (prec: 0, pagesize 4096)
num-p: 4332 -> time: 17 (prec: 0, pagesize 4096)
num-p: 4335 -> time: 17 (prec: 0, pagesize 4096)
num-p: 4338 -> time: 17 (prec: 0, pagesize 4096)
num-p: 4341 -> time: 17 (prec: 0, pagesize 4096)
num-p: 4344 -> time: 17 (prec: 0, pagesize 4096)
num-p: 4347 -> time: 17 (prec: 0, pagesize 4096)
num-p: 4350 -> time: 17 (prec: 0, pagesize 4096)
num-p: 4353 -> time: 17 (prec: 0, pagesize 4096)
num-p: 4356 -> time: 17 (prec: 0, pagesize 4096)
num-p: 4359 -> time: 17 (prec: 0, pagesize 4096)
num-p: 4362 -> time: 17 (prec: 0, pagesize 4096)
num-p: 4365 -> time: 17 (prec: 0, pagesize 4096)
num-p: 4368 -> time: 17 (prec: 0, pagesize 4096)
num-p: 4371 -> time: 17 (prec: 0, pagesize 4096)
num-p: 4374 -> time: 17 (prec: 0, pagesize 4096)
num-p: 4377 -> time: 17 (prec: 0, pagesize 4096)
num-p: 4380 -> time: 17 (prec: 0, pagesize 4096)
num-p: 4383 -> time: 17 (prec: 0, pagesize 4096)
num-p: 4386 -> time: 17 (prec: 0, pagesize 4096)
num-p: 4389 -> time: 17 (prec: 0, pagesize 4096)
num-p: 4392 -> time: 17 (prec: 0, pagesize 4096)
num-p: 4395 -> time: 17 (prec: 0, pagesize 4096)
num-p: 4398 -> time: 17 (prec: 0, pagesize 4096)
num-p: 4401 -> time: 17 (prec: 0, pagesize 4096)
num-p: 4404 -> time: 17 (prec: 0, pagesize 4096)
num-p: 4407 -> time: 17 (prec: 0, pagesize 4096)
num-p: 4410 -> time: 17 (prec: 0, pagesize 4096)
num-p: 4413 -> time: 17 (prec: 0, pagesize 4096)
num-p: 4416 -> time: 17 (prec: 0, pagesize 4096)
num-p: 4419 -> time: 17 (prec: 0, pagesize 4096)
num-p: 4422 -> time: 18 (prec: 0, pagesize 4096)
num-p: 4425 -> time: 17 (prec: 0, pagesize 4096)
num-p: 4428 -> time: 18 (prec: 0, pagesize 4096)
num-p: 4431 -> time: 17 (prec: 0, pagesize 4096)
num-p: 4434 -> time: 17 (prec: 0, pagesize 4096)
num-p: 4437 -> time: 17 (prec: 0, pagesize 4096)
num-p: 4440 -> time: 18 (prec: 0, pagesize 4096)
num-p: 4443 -> time: 17 (prec: 0, pagesize 4096)
num-p: 4446 -> time: 17 (prec: 0, pagesize 4096)
num-p: 4449 -> time: 17 (prec: 0, pagesize 4096)
num-p: 4452 -> time: 17 (prec: 0, pagesize 4096)
num-p: 4455 -> time: 17 (prec: 0, pagesize 4096)
num-p: 4458 -> time: 17 (prec: 0, pagesize 4096)
num-p: 4461 -> time: 18 (prec: 0, pagesize 4096)
num-p: 4464 -> time: 17 (prec: 0, pagesize 4096)
num-p: 4467 -> time: 17 (prec: 0, pagesize 4096)
num-p: 4470 -> time: 18 (prec: 0, pagesize 4096)
num-p: 4473 -> time: 17 (prec: 0, pagesize 4096)
num-p: 4476 -> time: 17 (prec: 0, pagesize 4096)
num-p: 4479 -> time: 17 (prec: 0, pagesize 4096)
num-p: 4482 -> time: 17 (prec: 0, pagesize 4096)
num-p: 4485 -> time: 17 (prec: 0, pagesize 4096)
num-p: 4488 -> time: 17 (prec: 0, pagesize 4096)
num-p: 4491 -> time: 17 (prec: 0, pagesize 4096)
num-p: 4494 -> time: 17 (prec: 0, pagesize 4096)
num-p: 4497 -> time: 17 (prec: 0, pagesize 4096)
num-p: 4500 -> time: 18 (prec: 0, pagesize 4096)
num-p: 4503 -> time: 17 (prec: 0, pagesize 4096)
num-p: 4506 -> time: 17 (prec: 0, pagesize 4096)
num-p: 4509 -> time: 17 (prec: 0, pagesize 4096)
num-p: 4512 -> time: 18 (prec: 0, pagesize 4096)
num-p: 4515 -> time: 17 (prec: 0, pagesize 4096)
num-p: 4518 -> time: 17 (prec: 0, pagesize 4096)
num-p: 4521 -> time: 18 (prec: 0, pagesize 4096)
num-p: 4524 -> time: 18 (prec: 0, pagesize 4096)
num-p: 4527 -> time: 18 (prec: 0, pagesize 4096)
num-p: 4530 -> time: 18 (prec: 0, pagesize 4096)
num-p: 4533 -> time: 17 (prec: 0, pagesize 4096)
num-p: 4536 -> time: 18 (prec: 0, pagesize 4096)
num-p: 4539 -> time: 17 (prec: 0, pagesize 4096)
num-p: 4542 -> time: 17 (prec: 0, pagesize 4096)
num-p: 4545 -> time: 18 (prec: 0, pagesize 4096)
num-p: 4548 -> time: 17 (prec: 0, pagesize 4096)
num-p: 4551 -> time: 18 (prec: 0, pagesize 4096)
num-p: 4554 -> time: 17 (prec: 0, pagesize 4096)
num-p: 4557 -> time: 18 (prec: 0, pagesize 4096)
num-p: 4560 -> time: 17 (prec: 0, pagesize 4096)
num-p: 4563 -> time: 18 (prec: 0, pagesize 4096)
num-p: 4566 -> time: 18 (prec: 0, pagesize 4096)
num-p: 4569 -> time: 17 (prec: 0, pagesize 4096)
num-p: 4572 -> time: 17 (prec: 0, pagesize 4096)
num-p: 4575 -> time: 18 (prec: 0, pagesize 4096)
num-p: 4578 -> time: 18 (prec: 0, pagesize 4096)
num-p: 4581 -> time: 17 (prec: 0, pagesize 4096)
num-p: 4584 -> time: 17 (prec: 0, pagesize 4096)
num-p: 4587 -> time: 18 (prec: 0, pagesize 4096)
num-p: 4590 -> time: 18 (prec: 0, pagesize 4096)
num-p: 4593 -> time: 17 (prec: 0, pagesize 4096)
num-p: 4596 -> time: 18 (prec: 0, pagesize 4096)
num-p: 4599 -> time: 18 (prec: 0, pagesize 4096)
num-p: 4602 -> time: 18 (prec: 0, pagesize 4096)
num-p: 4605 -> time: 17 (prec: 0, pagesize 4096)
num-p: 4608 -> time: 18 (prec: 0, pagesize 4096)
num-p: 4611 -> time: 18 (prec: 0, pagesize 4096)
num-p: 4614 -> time: 18 (prec: 0, pagesize 4096)
num-p: 4617 -> time: 17 (prec: 0, pagesize 4096)
num-p: 4620 -> time: 17 (prec: 0, pagesize 4096)
num-p: 4623 -> time: 18 (prec: 0, pagesize 4096)
num-p: 4626 -> time: 18 (prec: 0, pagesize 4096)
num-p: 4629 -> time: 18 (prec: 0, pagesize 4096)
num-p: 4632 -> time: 18 (prec: 0, pagesize 4096)
num-p: 4635 -> time: 18 (prec: 0, pagesize 4096)
num-p: 4638 -> time: 17 (prec: 0, pagesize 4096)
num-p: 4641 -> time: 18 (prec: 0, pagesize 4096)
num-p: 4644 -> time: 18 (prec: 0, pagesize 4096)
num-p: 4647 -> time: 18 (prec: 0, pagesize 4096)
num-p: 4650 -> time: 18 (prec: 0, pagesize 4096)
num-p: 4653 -> time: 17 (prec: 1, pagesize 4096)
num-p: 4656 -> time: 18 (prec: 0, pagesize 4096)
num-p: 4659 -> time: 17 (prec: 0, pagesize 4096)
num-p: 4662 -> time: 18 (prec: 0, pagesize 4096)
num-p: 4665 -> time: 18 (prec: 0, pagesize 4096)
num-p: 4668 -> time: 18 (prec: 0, pagesize 4096)
num-p: 4671 -> time: 17 (prec: 0, pagesize 4096)
num-p: 4674 -> time: 18 (prec: 0, pagesize 4096)
num-p: 4677 -> time: 18 (prec: 0, pagesize 4096)
num-p: 4680 -> time: 17 (prec: 0, pagesize 4096)
num-p: 4683 -> time: 17 (prec: 0, pagesize 4096)
num-p: 4686 -> time: 17 (prec: 0, pagesize 4096)
num-p: 4689 -> time: 17 (prec: 0, pagesize 4096)
num-p: 4692 -> time: 17 (prec: 0, pagesize 4096)
num-p: 4695 -> time: 17 (prec: 0, pagesize 4096)
num-p: 4698 -> time: 17 (prec: 0, pagesize 4096)
num-p: 4701 -> time: 18 (prec: 0, pagesize 4096)
num-p: 4704 -> time: 18 (prec: 0, pagesize 4096)
num-p: 4707 -> time: 17 (prec: 0, pagesize 4096)
num-p: 4710 -> time: 17 (prec: 0, pagesize 4096)
num-p: 4713 -> time: 17 (prec: 0, pagesize 4096)
num-p: 4716 -> time: 18 (prec: 0, pagesize 4096)
num-p: 4719 -> time: 17 (prec: 0, pagesize 4096)
num-p: 4722 -> time: 17 (prec: 0, pagesize 4096)
num-p: 4725 -> time: 18 (prec: 0, pagesize 4096)
num-p: 4728 -> time: 17 (prec: 0, pagesize 4096)
num-p: 4731 -> time: 18 (prec: 0, pagesize 4096)
num-p: 4734 -> time: 17 (prec: 0, pagesize 4096)
num-p: 4737 -> time: 17 (prec: 0, pagesize 4096)
num-p: 4740 -> time: 18 (prec: 0, pagesize 4096)
num-p: 4743 -> time: 17 (prec: 0, pagesize 4096)
num-p: 4746 -> time: 17 (prec: 0, pagesize 4096)
num-p: 4749 -> time: 17 (prec: 0, pagesize 4096)
num-p: 4752 -> time: 18 (prec: 0, pagesize 4096)
num-p: 4755 -> time: 17 (prec: 0, pagesize 4096)
num-p: 4758 -> time: 18 (prec: 0, pagesize 4096)
num-p: 4761 -> time: 17 (prec: 0, pagesize 4096)
num-p: 4764 -> time: 18 (prec: 0, pagesize 4096)
num-p: 4767 -> time: 18 (prec: 0, pagesize 4096)
num-p: 4770 -> time: 18 (prec: 0, pagesize 4096)
num-p: 4773 -> time: 18 (prec: 0, pagesize 4096)
num-p: 4776 -> time: 18 (prec: 0, pagesize 4096)
num-p: 4779 -> time: 18 (prec: 0, pagesize 4096)
num-p: 4782 -> time: 18 (prec: 0, pagesize 4096)
num-p: 4785 -> time: 18 (prec: 0, pagesize 4096)
num-p: 4788 -> time: 18 (prec: 0, pagesize 4096)
num-p: 4791 -> time: 18 (prec: 0, pagesize 4096)
num-p: 4794 -> time: 18 (prec: 0, pagesize 4096)
num-p: 4797 -> time: 18 (prec: 0, pagesize 4096)
num-p: 4800 -> time: 18 (prec: 0, pagesize 4096)
num-p: 4803 -> time: 18 (prec: 0, pagesize 4096)
num-p: 4806 -> time: 18 (prec: 0, pagesize 4096)
num-p: 4809 -> time: 18 (prec: 0, pagesize 4096)
num-p: 4812 -> time: 18 (prec: 0, pagesize 4096)
num-p: 4815 -> time: 18 (prec: 0, pagesize 4096)
num-p: 4818 -> time: 18 (prec: 0, pagesize 4096)
num-p: 4821 -> time: 18 (prec: 0, pagesize 4096)
num-p: 4824 -> time: 18 (prec: 0, pagesize 4096)
num-p: 4827 -> time: 18 (prec: 0, pagesize 4096)
num-p: 4830 -> time: 18 (prec: 0, pagesize 4096)
num-p: 4833 -> time: 18 (prec: 0, pagesize 4096)
num-p: 4836 -> time: 18 (prec: 0, pagesize 4096)
num-p: 4839 -> time: 18 (prec: 0, pagesize 4096)
num-p: 4842 -> time: 18 (prec: 0, pagesize 4096)
num-p: 4845 -> time: 18 (prec: 0, pagesize 4096)
num-p: 4848 -> time: 18 (prec: 0, pagesize 4096)
num-p: 4851 -> time: 18 (prec: 0, pagesize 4096)
num-p: 4854 -> time: 18 (prec: 0, pagesize 4096)
num-p: 4857 -> time: 18 (prec: 0, pagesize 4096)
num-p: 4860 -> time: 18 (prec: 0, pagesize 4096)
num-p: 4863 -> time: 18 (prec: 0, pagesize 4096)
num-p: 4866 -> time: 19 (prec: 0, pagesize 4096)
num-p: 4869 -> time: 18 (prec: 0, pagesize 4096)
num-p: 4872 -> time: 18 (prec: 0, pagesize 4096)
num-p: 4875 -> time: 18 (prec: 0, pagesize 4096)
num-p: 4878 -> time: 18 (prec: 0, pagesize 4096)
num-p: 4881 -> time: 18 (prec: 0, pagesize 4096)
num-p: 4884 -> time: 18 (prec: 0, pagesize 4096)
num-p: 4887 -> time: 18 (prec: 0, pagesize 4096)
num-p: 4890 -> time: 18 (prec: 0, pagesize 4096)
num-p: 4893 -> time: 18 (prec: 0, pagesize 4096)
num-p: 4896 -> time: 18 (prec: 0, pagesize 4096)
num-p: 4899 -> time: 18 (prec: 0, pagesize 4096)
num-p: 4902 -> time: 18 (prec: 0, pagesize 4096)
num-p: 4905 -> time: 18 (prec: 0, pagesize 4096)
num-p: 4908 -> time: 19 (prec: 0, pagesize 4096)
num-p: 4911 -> time: 18 (prec: 0, pagesize 4096)
num-p: 4914 -> time: 18 (prec: 0, pagesize 4096)
num-p: 4917 -> time: 18 (prec: 0, pagesize 4096)
num-p: 4920 -> time: 18 (prec: 0, pagesize 4096)
num-p: 4923 -> time: 18 (prec: 0, pagesize 4096)
num-p: 4926 -> time: 18 (prec: 0, pagesize 4096)
num-p: 4929 -> time: 18 (prec: 0, pagesize 4096)
num-p: 4932 -> time: 18 (prec: 0, pagesize 4096)
num-p: 4935 -> time: 18 (prec: 0, pagesize 4096)
num-p: 4938 -> time: 18 (prec: 0, pagesize 4096)
num-p: 4941 -> time: 18 (prec: 0, pagesize 4096)
num-p: 4944 -> time: 18 (prec: 0, pagesize 4096)
num-p: 4947 -> time: 18 (prec: 0, pagesize 4096)
num-p: 4950 -> time: 18 (prec: 0, pagesize 4096)
num-p: 4953 -> time: 18 (prec: 0, pagesize 4096)
num-p: 4956 -> time: 18 (prec: 0, pagesize 4096)
num-p: 4959 -> time: 18 (prec: 0, pagesize 4096)
num-p: 4962 -> time: 18 (prec: 0, pagesize 4096)
num-p: 4965 -> time: 18 (prec: 0, pagesize 4096)
num-p: 4968 -> time: 18 (prec: 0, pagesize 4096)
num-p: 4971 -> time: 18 (prec: 0, pagesize 4096)
num-p: 4974 -> time: 18 (prec: 0, pagesize 4096)
num-p: 4977 -> time: 18 (prec: 0, pagesize 4096)
num-p: 4980 -> time: 18 (prec: 0, pagesize 4096)
num-p: 4983 -> time: 18 (prec: 0, pagesize 4096)
num-p: 4986 -> time: 18 (prec: 0, pagesize 4096)
num-p: 4989 -> time: 18 (prec: 0, pagesize 4096)
num-p: 4992 -> time: 18 (prec: 0, pagesize 4096)
num-p: 4995 -> time: 18 (prec: 0, pagesize 4096)
num-p: 4998 -> time: 18 (prec: 0, pagesize 4096)
repeats for 100 times
